deployment_id,service,environment,deploy_timestamp,outcome,deployed_by,pipeline_id,commit_id,branch,is_instability,has_rollback,deploy_hour,day_of_week,is_after_hours,is_weekend,time_bucket,composite_risk_score,time_to_resolution_hours,matched_incident_id,test_pass_rate,security_finding_count,lines_changed,job_duration_seconds,flaky_test_flag,risk_score_weight,incident_priority,incident_category,priority_bucket,deploy_dt
pipe-txnem,deploy_to_staging,unknown,2024-03-02 01:05:07+00:00,stable,system_automation,pipe-txnem,f831dbe56dcbceadccc1447923b1d9659becadbe,branch_ajn,0,0,1,Saturday,1,1,Night,25.0,,,0.9913285183701975,0,1043,350,0,0.25,None,None,None,2024-03-02 01:05:07+00:00
pipe-hjahz,run_unit_tests,unknown,2024-07-22 19:55:41+00:00,stable,user_psc,pipe-hjahz,dcbac61f342d8b5ed473959be9edbeb1dfaca028,branch_tgn,0,0,19,Monday,1,0,Evening,15.0,,,0.9140055404689491,0,2994,471,0,0.15,None,None,None,2024-07-22 19:55:41+00:00
pipe-vcsbx,deploy_to_dev,unknown,2024-03-01 23:03:43+00:00,stable,user_usq,pipe-vcsbx,fded3f1e6bcedb9fc338c14dfad3aa360bb6b50c,branch_lti,0,0,23,Friday,1,0,Evening,15.0,,,0.967770861445447,0,78,227,0,0.15,None,None,None,2024-03-01 23:03:43+00:00
pipe-pnvzk,deploy_to_dev,unknown,2024-06-02 12:21:00+00:00,stable,system_automation,pipe-pnvzk,2c9d4fbd41bb1c5c7feb06035d3b4feaf1ac45d0,branch_ezx,0,0,12,Sunday,0,1,Morning,10.0,,,0.9814473876030934,0,1502,558,0,0.1,None,None,None,2024-06-02 12:21:00+00:00
pipe-mwkkl,build_and_test,unknown,2024-04-17 07:59:29+00:00,rolled_back,user_umu,pipe-mwkkl,a4e872fbdf81f1d1742bf5ae0c76ee9d10eea02a,branch_xqp,1,1,7,Wednesday,1,0,Morning,75.0,1.2063301091573715,pipe-mwkkl-INC,0.7277257951842578,5,1845,498,1,0.75,P2 - High,Software,High,2024-04-17 07:59:29+00:00
pipe-bcxxl,deploy_to_dev,unknown,2024-04-06 14:31:21+00:00,stable,system_automation,pipe-bcxxl,7ab9fa990aab4ad609ad890afbd7bf3aa2ecc4e3,branch_moh,0,0,14,Saturday,0,1,Afternoon,10.0,,,0.9276207363456567,0,230,555,0,0.1,None,None,None,2024-04-06 14:31:21+00:00
pipe-keewh,build_and_test,unknown,2024-02-22 07:14:58+00:00,rolled_back,user_glz,pipe-keewh,904ab9dd9c2a8dd0cea3c6c09ba7636cad52006b,branch_kox,1,1,7,Thursday,1,0,Morning,75.0,6.208547764927648,pipe-keewh-INC,0.8524809939245344,4,1380,460,0,0.75,P2 - High,Software,High,2024-02-22 07:14:58+00:00
pipe-pocpk,run_integration_tests,unknown,2024-11-20 03:29:55+00:00,rolled_back,user_yjl,pipe-pocpk,8faae7afc957535afee8be1dfbaccb9ebdc1dafa,branch_xbc,1,1,3,Wednesday,1,0,Night,75.0,6.395482289577154,pipe-pocpk-INC,0.7380476660172571,7,1807,410,1,0.75,P2 - High,Software,High,2024-11-20 03:29:55+00:00
pipe-oredz,run_unit_tests,unknown,2024-09-05 06:07:21+00:00,stable,system_automation,pipe-oredz,41dfb56c0ac5c693beaf5a3eb004feebb51149c6,branch_lkn,0,0,6,Thursday,1,0,Night,15.0,,,0.9429957049900048,0,1842,343,0,0.15,None,None,None,2024-09-05 06:07:21+00:00
pipe-fzeaz,deploy_to_dev,unknown,2024-12-09 06:10:14+00:00,stable,user_kof,pipe-fzeaz,5f448dbd7e80665dacedf746b849f29feea302ee,branch_sgy,0,0,6,Monday,1,0,Night,15.0,,,0.9432515593242367,0,401,561,0,0.15,None,None,None,2024-12-09 06:10:14+00:00
pipe-eripz,deploy_to_dev,unknown,2024-09-01 23:05:03+00:00,stable,user_wlb,pipe-eripz,b4b6c6ad98e25bcf4fcbccce7a9b85b2efababef,branch_pmi,0,0,23,Sunday,1,1,Evening,25.0,,,0.9253034749929684,0,868,518,0,0.25,None,None,None,2024-09-01 23:05:03+00:00
pipe-cpqfc,deploy_to_staging,production,2024-05-27 12:35:14+00:00,stable,system_automation,pipe-cpqfc,3aead9dd6ca5ca3c31a3a6c28cbcb91a855091ef,branch_zrf,0,0,12,Monday,0,0,Morning,0.0,,,0.9775791086437091,0,772,285,0,0.0,None,None,None,2024-05-27 12:35:14+00:00
pipe-kkxpt,run_integration_tests,production,2024-10-28 06:35:11+00:00,stable,user_aay,pipe-kkxpt,cac9b340a6c28b17c3ea25ad9cebb57a0a95a986,branch_poy,0,0,6,Monday,1,0,Night,15.0,,,0.9771849343229155,0,1937,106,0,0.15,None,None,None,2024-10-28 06:35:11+00:00
pipe-stcqg,run_unit_tests,unknown,2024-08-21 08:46:59+00:00,stable,system_automation,pipe-stcqg,6cec717c7c8b1a4f8756d7dfc2fcc403f9bcbf3e,branch_rux,0,0,8,Wednesday,0,0,Morning,0.0,,,0.9378318014223785,0,1019,61,0,0.0,None,None,None,2024-08-21 08:46:59+00:00
pipe-ymmrt,build_and_test,unknown,2024-01-16 05:14:59+00:00,stable,system_automation,pipe-ymmrt,14ead90a09dceaffbe73f2aeccee2de5d3fe167e,branch_pbf,0,0,5,Tuesday,1,0,Night,15.0,,,0.9835125791080733,0,1735,186,0,0.15,None,None,None,2024-01-16 05:14:59+00:00
pipe-wjfsi,build_and_test,unknown,2024-09-22 00:13:00+00:00,rolled_back,user_fbr,pipe-wjfsi,decee9908f3bf5f9fddd04f28614de5caa431fcf,branch_cix,1,1,0,Sunday,1,1,Night,85.0,2.2042904133858268,pipe-wjfsi-INC,0.8974064839459006,3,2206,93,0,0.85,P2 - High,Software,High,2024-09-22 00:13:00+00:00
pipe-zulqj,deploy_to_dev,development,2024-04-21 17:01:30+00:00,stable,system_automation,pipe-zulqj,d3f84eea65107ebe7213bca7f0e47da5e95c6a82,branch_uxt,0,0,17,Sunday,0,1,Afternoon,10.0,,,0.9004305775667679,0,2401,174,0,0.1,None,None,None,2024-04-21 17:01:30+00:00
pipe-hbqzl,run_unit_tests,unknown,2024-05-12 21:02:18+00:00,rolled_back,user_vdc,pipe-hbqzl,b44a01f2b624daf4daeaa00f9cb494b17aca6b99,branch_rsw,1,1,21,Sunday,1,1,Evening,85.0,0.9786294207813149,pipe-hbqzl-INC,0.8179640908845025,3,592,119,1,0.85,P2 - High,Software,High,2024-05-12 21:02:18+00:00
pipe-oloqe,run_integration_tests,staging,2024-03-27 22:25:29+00:00,stable,system_automation,pipe-oloqe,ddbcf7399dc538a2ac3101ddeebe2cf6190bae6b,branch_fhv,0,0,22,Wednesday,1,0,Evening,15.0,,,0.9994077772452379,0,2715,589,0,0.15,None,None,None,2024-03-27 22:25:29+00:00
pipe-wlana,deploy_to_dev,unknown,2024-09-26 23:47:46+00:00,stable,system_automation,pipe-wlana,face46efb3a9ac4c7d7abcbfabafecf95ccd570c,branch_eph,0,0,23,Thursday,1,0,Evening,15.0,,,0.9038644309826884,0,538,111,0,0.15,None,None,None,2024-09-26 23:47:46+00:00
pipe-gnrle,run_integration_tests,unknown,2024-05-06 05:18:05+00:00,stable,user_shb,pipe-gnrle,bd6a635b0af89ffae2da0e7b66fab167ebdd8867,branch_hsr,0,0,5,Monday,1,0,Night,15.0,,,0.9207998073708461,0,114,398,0,0.15,None,None,None,2024-05-06 05:18:05+00:00
pipe-etvbu,run_integration_tests,unknown,2024-12-09 10:49:45+00:00,stable,system_automation,pipe-etvbu,22edb30fb680ac57a95f44eaf6725ececded5df1,branch_ibg,0,0,10,Monday,0,0,Morning,0.0,,,0.9518914642487084,0,182,249,0,0.0,None,None,None,2024-12-09 10:49:45+00:00
pipe-mgldr,run_integration_tests,unknown,2024-02-26 18:34:36+00:00,stable,system_automation,pipe-mgldr,4057b53e15daddf2dca4614dce8bfefff47dc8fc,branch_tng,0,0,18,Monday,1,0,Afternoon,15.0,,,0.9809940736444871,0,643,154,0,0.15,None,None,None,2024-02-26 18:34:36+00:00
pipe-wwmke,deploy_to_staging,unknown,2024-04-03 07:23:48+00:00,stable,system_automation,pipe-wwmke,07beab25f30af5624d5f1ccab41464f4cef0a81a,branch_xru,0,0,7,Wednesday,1,0,Morning,15.0,,,0.9089042005075053,0,2626,438,0,0.15,None,None,None,2024-04-03 07:23:48+00:00
pipe-xzvcm,deploy_to_dev,unknown,2024-06-18 01:20:44+00:00,stable,system_automation,pipe-xzvcm,f03d4a5ade10f6ccfde33eeff5efaa36cd9fc491,branch_heu,0,0,1,Tuesday,1,0,Night,15.0,,,0.9395234653758895,0,663,584,0,0.15,None,None,None,2024-06-18 01:20:44+00:00
pipe-bcwkh,run_unit_tests,unknown,2024-03-07 05:46:01+00:00,stable,user_ojk,pipe-bcwkh,89bbdfe9c2efba26cddc0b9cbecbd1b7a4170404,branch_ygx,0,0,5,Thursday,1,0,Night,15.0,,,0.9747075800629886,0,2095,486,0,0.15,None,None,None,2024-03-07 05:46:01+00:00
pipe-mzegz,run_integration_tests,staging,2024-04-26 19:52:41+00:00,stable,system_automation,pipe-mzegz,c10b19d9a60fe02a6da4a250e82eb26cd99aa012,branch_oma,0,0,19,Friday,1,0,Evening,15.0,,,0.9371543208406362,0,1284,586,0,0.15,None,None,None,2024-04-26 19:52:41+00:00
pipe-olcib,run_unit_tests,unknown,2024-02-25 05:17:16+00:00,stable,user_ede,pipe-olcib,a3adc50cc8d58376d884fa6ba2d34fdbb2cbd1fb,branch_pmp,0,0,5,Sunday,1,1,Night,25.0,,,0.9188836420475639,0,167,378,0,0.25,None,None,None,2024-02-25 05:17:16+00:00
pipe-rmalx,deploy_to_staging,production,2024-03-04 19:44:52+00:00,stable,user_oug,pipe-rmalx,fbbcbfae2dea4da85ad0cf354fef4f0ff1adfed2,branch_usq,0,0,19,Monday,1,0,Evening,15.0,,,0.9195495827396587,0,1360,423,0,0.15,None,None,None,2024-03-04 19:44:52+00:00
pipe-bhogj,run_unit_tests,staging,2024-05-23 05:13:23+00:00,stable,system_automation,pipe-bhogj,40b48e1e9fe6238c1d2eabf77d047bcaf959c4a2,branch_gzz,0,0,5,Thursday,1,0,Night,15.0,,,0.9410048786914994,0,133,139,0,0.15,None,None,None,2024-05-23 05:13:23+00:00
pipe-yjiju,run_integration_tests,unknown,2024-01-08 15:42:32+00:00,stable,user_xon,pipe-yjiju,0e0b840bc9ab0a89e9e5a2abc3ff829d14ebac8b,branch_kly,0,0,15,Monday,0,0,Afternoon,0.0,,,0.9479417074805891,0,1454,520,0,0.0,None,None,None,2024-01-08 15:42:32+00:00
pipe-ucwas,deploy_to_staging,unknown,2024-08-30 02:32:22+00:00,stable,system_automation,pipe-ucwas,1cfb4d37ebe6baf105e71e2b9ced2f1ac9d0fe38,branch_itx,0,0,2,Friday,1,0,Night,15.0,,,0.9861814417816014,0,1698,463,0,0.15,None,None,None,2024-08-30 02:32:22+00:00
pipe-occta,run_unit_tests,unknown,2024-09-17 17:04:06+00:00,stable,user_hky,pipe-occta,24d6e4ff7a8e5acc43b2deb0b5858eff9fdb0f5e,branch_pad,0,0,17,Tuesday,0,0,Afternoon,0.0,,,0.9642252418567994,0,1588,197,0,0.0,None,None,None,2024-09-17 17:04:06+00:00
pipe-avmxf,run_integration_tests,unknown,2024-02-14 13:19:12+00:00,stable,system_automation,pipe-avmxf,e9d8684f0ece45a0b32a7c6e52734b3a4e878fcf,branch_dea,0,0,13,Wednesday,0,0,Afternoon,0.0,,,0.9690401954515502,0,883,251,0,0.0,None,None,None,2024-02-14 13:19:12+00:00
pipe-ghtyq,build_and_test,staging,2024-08-11 21:57:54+00:00,stable,system_automation,pipe-ghtyq,6d47b17ab8ff493d0b849969dbab3a29d46cd6ee,branch_diy,0,0,21,Sunday,1,1,Evening,25.0,,,0.9982987171535906,0,2311,389,0,0.25,None,None,None,2024-08-11 21:57:54+00:00
pipe-frian,deploy_to_dev,unknown,2024-02-28 14:28:50+00:00,stable,user_bce,pipe-frian,13feeaae6cbcbad205afd8cfaaa7cac6529555db,branch_ueq,0,0,14,Wednesday,0,0,Afternoon,0.0,,,0.9411843440300974,0,1810,67,0,0.0,None,None,None,2024-02-28 14:28:50+00:00
pipe-oxhxh,deploy_to_staging,development,2024-08-31 07:30:36+00:00,stable,system_automation,pipe-oxhxh,5aada4c790a6d5f71e3fb6048f8a0b172273bc87,branch_qtp,0,0,7,Saturday,1,1,Morning,25.0,,,0.9403354403249129,0,801,501,0,0.25,None,None,None,2024-08-31 07:30:36+00:00
pipe-odylu,deploy_to_dev,unknown,2024-04-01 17:21:11+00:00,rolled_back,system_automation,pipe-odylu,a736defd98590b18bae0ffbbd948af11b6fc9a2a,branch_rxk,1,1,17,Monday,0,0,Afternoon,60.0,4.067786946694503,pipe-odylu-INC,0.9163517567184463,1,1332,211,0,0.6,P2 - High,Software,High,2024-04-01 17:21:11+00:00
pipe-gjkfx,run_unit_tests,development,2024-01-31 09:52:55+00:00,rolled_back,system_automation,pipe-gjkfx,238d6b7c2f83d7ad5e4bbc69cced92ead0eabacf,branch_nsr,1,1,9,Wednesday,0,0,Morning,60.0,2.201820117881631,pipe-gjkfx-INC,0.7922399253381771,6,370,100,1,0.6,P2 - High,Software,High,2024-01-31 09:52:55+00:00
pipe-xbpne,build_and_test,unknown,2024-03-02 20:20:28+00:00,rolled_back,system_automation,pipe-xbpne,d2f4bd7ceaaf3632a3dcc95cf3c91b2b3101adcb,branch_vag,1,1,20,Saturday,1,1,Evening,85.0,5.523604960118828,pipe-xbpne-INC,0.8132082714148168,7,2773,238,1,0.85,P2 - High,Software,High,2024-03-02 20:20:28+00:00
pipe-bthxj,deploy_to_dev,unknown,2024-05-20 16:11:33+00:00,stable,system_automation,pipe-bthxj,60fbddf59145eca8e8c1baa98ee8cd1c2ad956ec,branch_avl,0,0,16,Monday,0,0,Afternoon,0.0,,,0.9754573138218134,0,2271,511,0,0.0,None,None,None,2024-05-20 16:11:33+00:00
pipe-xyxmg,run_integration_tests,development,2024-07-09 08:59:52+00:00,stable,system_automation,pipe-xyxmg,bff1518b5f907e9541ef8d1ecbee5e5ad5bbb6c4,branch_xyn,0,0,8,Tuesday,0,0,Morning,0.0,,,0.9097787997445443,0,899,208,0,0.0,None,None,None,2024-07-09 08:59:52+00:00
pipe-fksav,deploy_to_dev,development,2024-05-30 13:29:30+00:00,rolled_back,user_xgx,pipe-fksav,3db0a04f58c32cce36d7fa088a3cdbf6758c2aa0,branch_ptk,1,1,13,Thursday,0,0,Afternoon,60.0,5.751988265016869,pipe-fksav-INC,0.8144506147501186,1,2041,351,1,0.6,P2 - High,Software,High,2024-05-30 13:29:30+00:00
pipe-pwjrh,deploy_to_staging,unknown,2024-11-08 05:55:41+00:00,stable,user_juj,pipe-pwjrh,a4fddaaa334124f28b2e9b3d12e4a86d5855faa2,branch_hfc,0,0,5,Friday,1,0,Night,15.0,,,0.9200562471321554,0,2053,498,0,0.15,None,None,None,2024-11-08 05:55:41+00:00
pipe-hunyi,deploy_to_staging,unknown,2024-03-31 06:54:02+00:00,stable,system_automation,pipe-hunyi,ff3bbdb8edf1dc5a6c87dbfed06a1397afcd9dd8,branch_hqc,0,0,6,Sunday,1,1,Night,25.0,,,0.9185375272802486,0,1848,78,0,0.25,None,None,None,2024-03-31 06:54:02+00:00
pipe-arqgt,build_and_test,unknown,2024-02-08 12:28:26+00:00,stable,system_automation,pipe-arqgt,5cfd37ebd5e3a0af6929e4ce443bddd8bd2e5bbc,branch_lhg,0,0,12,Thursday,0,0,Morning,0.0,,,0.9463828110462876,0,209,470,0,0.0,None,None,None,2024-02-08 12:28:26+00:00
pipe-ayqae,build_and_test,unknown,2024-11-24 04:16:35+00:00,stable,system_automation,pipe-ayqae,7daaffb6dc8bc8bb6e5e21d383f0a472afc63bda,branch_uda,0,0,4,Sunday,1,1,Night,25.0,,,0.9289429707508066,0,2641,215,0,0.25,None,None,None,2024-11-24 04:16:35+00:00
pipe-wccin,run_unit_tests,development,2024-07-13 07:14:58+00:00,rolled_back,user_blq,pipe-wccin,8fe7c47e309371748ebefa0fa0dc0e56f25fe4fc,branch_lcy,1,1,7,Saturday,1,1,Morning,85.0,2.662460779476831,pipe-wccin-INC,0.8501679516060285,1,2869,435,0,0.85,P2 - High,Software,High,2024-07-13 07:14:58+00:00
pipe-znyao,run_unit_tests,production,2024-01-25 21:01:54+00:00,stable,system_automation,pipe-znyao,3e5f3bb29ac922d8fe0fdafcec4ae3dd895df0d8,branch_bcp,0,0,21,Thursday,1,0,Evening,15.0,,,0.9907604891390482,0,2923,161,0,0.15,None,None,None,2024-01-25 21:01:54+00:00
pipe-qvsyn,run_integration_tests,unknown,2024-12-04 08:09:43+00:00,stable,system_automation,pipe-qvsyn,6fc0c4dae875abf92fdef96fdfed1f2be4b4d7ea,branch_svs,0,0,8,Wednesday,0,0,Morning,0.0,,,0.9802720605288365,0,2943,135,0,0.0,None,None,None,2024-12-04 08:09:43+00:00
pipe-mpeen,run_unit_tests,unknown,2024-03-20 17:39:56+00:00,rolled_back,system_automation,pipe-mpeen,e5072adca6fa15cbde4e655399ef850d8deecd9f,branch_kdp,1,1,17,Wednesday,0,0,Afternoon,60.0,1.9993115185633124,pipe-mpeen-INC,0.7392571876008027,7,2790,485,1,0.6,P2 - High,Software,High,2024-03-20 17:39:56+00:00
pipe-xdiib,run_unit_tests,unknown,2024-08-08 23:16:52+00:00,stable,user_yat,pipe-xdiib,b1a20ca2086f63dea20d3cfcb0ad7dcb254c6ca7,branch_obt,0,0,23,Thursday,1,0,Evening,15.0,,,0.9274134393688609,0,2230,496,0,0.15,None,None,None,2024-08-08 23:16:52+00:00
pipe-hfllf,build_and_test,unknown,2024-05-12 05:42:37+00:00,stable,system_automation,pipe-hfllf,6eedc0d95657a8be9b9034a954dbad12009ddaeb,branch_ysy,0,0,5,Sunday,1,1,Night,25.0,,,0.9254728350117467,0,217,589,0,0.25,None,None,None,2024-05-12 05:42:37+00:00
pipe-gucow,deploy_to_dev,unknown,2024-07-26 06:18:36+00:00,rolled_back,system_automation,pipe-gucow,32d9e8c5dba22c7afae43742b2daa07f5c8a8ceb,branch_pfb,1,1,6,Friday,1,0,Night,75.0,5.486381424440241,pipe-gucow-INC,0.9007682037112249,1,1422,425,0,0.75,P2 - High,Software,High,2024-07-26 06:18:36+00:00
pipe-sxksj,run_integration_tests,unknown,2024-09-24 01:28:16+00:00,rolled_back,system_automation,pipe-sxksj,b745bf2220dcd02debc5adfc7d7d3181ae5cd6ad,branch_jsb,1,1,1,Tuesday,1,0,Night,75.0,5.7887403396975134,pipe-sxksj-INC,0.7466724296551263,1,773,311,1,0.75,P2 - High,Software,High,2024-09-24 01:28:16+00:00
pipe-ikqzx,run_integration_tests,unknown,2024-07-18 11:27:03+00:00,stable,system_automation,pipe-ikqzx,ce042f04d7dcfc94edd5cee2c99afdaeea17c34a,branch_nde,0,0,11,Thursday,0,0,Morning,0.0,,,0.9402047798157069,0,698,165,0,0.0,None,None,None,2024-07-18 11:27:03+00:00
pipe-fylhm,run_integration_tests,unknown,2024-07-26 18:17:59+00:00,stable,user_ixe,pipe-fylhm,6efe53ab4a0bbddfca92279e4dbf6df86a6801ca,branch_bxo,0,0,18,Friday,1,0,Afternoon,15.0,,,0.9224689474545874,0,2500,219,0,0.15,None,None,None,2024-07-26 18:17:59+00:00
pipe-axmrj,deploy_to_dev,unknown,2024-02-13 21:27:05+00:00,stable,user_dxz,pipe-axmrj,97dfea05b27dbac2ba9f2beea72b30b42e0e539c,branch_dkc,0,0,21,Tuesday,1,0,Evening,15.0,,,0.9846671050508243,0,2446,409,0,0.15,None,None,None,2024-02-13 21:27:05+00:00
pipe-rlatm,run_unit_tests,unknown,2024-10-27 11:35:50+00:00,stable,system_automation,pipe-rlatm,dccf8745cf5cf22f5dd8e21fe4f82c8e60c3e9ae,branch_vhb,0,0,11,Sunday,0,1,Morning,10.0,,,0.939919530265779,0,1590,246,0,0.1,None,None,None,2024-10-27 11:35:50+00:00
pipe-axjjm,deploy_to_dev,staging,2024-04-10 22:48:05+00:00,stable,user_pvy,pipe-axjjm,4e1af3aba7ae8b74ee7cde3c7cf18cf0cdb546d8,branch_zaf,0,0,22,Wednesday,1,0,Evening,15.0,,,0.9035116811109667,0,2222,321,0,0.15,None,None,None,2024-04-10 22:48:05+00:00
pipe-xherz,run_unit_tests,development,2024-10-25 04:53:30+00:00,stable,user_dds,pipe-xherz,3047eacefdd3acb5bfd22bf0ced7f38d2cb9c96d,branch_nkh,0,0,4,Friday,1,0,Night,15.0,,,0.9161941570249631,0,431,150,0,0.15,None,None,None,2024-10-25 04:53:30+00:00
pipe-kkpun,deploy_to_dev,unknown,2024-01-25 13:32:50+00:00,rolled_back,system_automation,pipe-kkpun,c5ec1e1aece36e2b671f0be64fc2bee7adecc4b3,branch_ecd,1,1,13,Thursday,0,0,Afternoon,60.0,4.033221546073494,pipe-kkpun-INC,0.8608499148636151,6,704,297,0,0.6,P2 - High,Software,High,2024-01-25 13:32:50+00:00
pipe-wzayg,run_integration_tests,unknown,2024-09-07 15:54:38+00:00,rolled_back,system_automation,pipe-wzayg,eb9fd7ecf1bfcd7cfe61fefacdee84d4ceaac13d,branch_yey,1,1,15,Saturday,0,1,Afternoon,70.0,4.739270798608916,pipe-wzayg-INC,0.8722512286057387,7,2588,188,0,0.7,P2 - High,Software,High,2024-09-07 15:54:38+00:00
pipe-pbknf,run_unit_tests,unknown,2024-08-21 21:09:46+00:00,stable,user_exh,pipe-pbknf,761f4e34373ef1eb6dbdcb96c4734d0d8f3ced4a,branch_jkr,0,0,21,Wednesday,1,0,Evening,15.0,,,0.9210934388488713,0,1381,120,0,0.15,None,None,None,2024-08-21 21:09:46+00:00
pipe-agxgg,deploy_to_dev,production,2024-06-03 20:58:51+00:00,rolled_back,system_automation,pipe-agxgg,e25e6eb0dafae3cdcc270a85fbed8e5933b1ceb9,branch_hha,1,1,20,Monday,1,0,Evening,75.0,5.260387400004431,pipe-agxgg-INC,0.7230153212970505,7,1662,131,1,0.75,P2 - High,Software,High,2024-06-03 20:58:51+00:00
pipe-zbxmg,build_and_test,staging,2024-04-14 22:06:01+00:00,stable,system_automation,pipe-zbxmg,c8559e2496bfef8e8d626e0448c2b8fec438aaae,branch_mxg,0,0,22,Sunday,1,1,Evening,25.0,,,0.9850997120052164,0,1415,339,0,0.25,None,None,None,2024-04-14 22:06:01+00:00
pipe-bvhxp,run_unit_tests,unknown,2024-07-28 18:30:51+00:00,rolled_back,system_automation,pipe-bvhxp,31a2aec8cf01741a8a4415b1e2841cbbfbeacea6,branch_bdx,1,1,18,Sunday,1,1,Afternoon,85.0,4.694053705590601,pipe-bvhxp-INC,0.8904259586506262,4,646,257,0,0.85,P2 - High,Software,High,2024-07-28 18:30:51+00:00
pipe-kefof,run_integration_tests,staging,2024-04-22 03:30:53+00:00,stable,user_nfl,pipe-kefof,a3dee3a1a623b1c3baaed6fed95b1371c1548ef4,branch_fqn,0,0,3,Monday,1,0,Night,15.0,,,0.9227661146799214,0,2487,113,0,0.15,None,None,None,2024-04-22 03:30:53+00:00
pipe-adxsr,deploy_to_dev,unknown,2024-10-31 01:04:21+00:00,stable,user_ngm,pipe-adxsr,2414fb98f2baeddef2eacd40f79343b01d8b535d,branch_faw,0,0,1,Thursday,1,0,Night,15.0,,,0.9050535988650058,0,2286,337,0,0.15,None,None,None,2024-10-31 01:04:21+00:00
pipe-eprih,deploy_to_dev,unknown,2024-07-30 03:03:25+00:00,stable,system_automation,pipe-eprih,c1f5e3bfffaacbbe53adb5f21d44af390b8ab1bd,branch_arg,0,0,3,Tuesday,1,0,Night,15.0,,,0.9867423539482584,0,2067,148,0,0.15,None,None,None,2024-07-30 03:03:25+00:00
pipe-xxckm,build_and_test,unknown,2024-09-01 16:47:14+00:00,rolled_back,system_automation,pipe-xxckm,dc15b059502bfd3ff2dbafafe8c4efcbb3cfe6ec,branch_qwu,1,1,16,Sunday,0,1,Afternoon,70.0,2.109385046146469,pipe-xxckm-INC,0.8635920803236834,2,1091,68,0,0.7,P2 - High,Software,High,2024-09-01 16:47:14+00:00
pipe-ofkhs,build_and_test,unknown,2024-02-09 04:38:09+00:00,rolled_back,user_bvm,pipe-ofkhs,3cd83f5890db4ab3aa93fbdba0daf1b4d3d2d05b,branch_lzk,1,1,4,Friday,1,0,Night,75.0,3.5639648279347713,pipe-ofkhs-INC,0.7050908208080282,7,1947,131,1,0.75,P2 - High,Software,High,2024-02-09 04:38:09+00:00
pipe-ukrfd,build_and_test,production,2024-01-20 21:04:33+00:00,stable,system_automation,pipe-ukrfd,4977e01046aac790c7badf107719c10eeeee2abd,branch_mpt,0,0,21,Saturday,1,1,Evening,25.0,,,0.975996688370073,0,2862,302,0,0.25,None,None,None,2024-01-20 21:04:33+00:00
pipe-zikot,build_and_test,unknown,2024-12-11 15:14:08+00:00,stable,system_automation,pipe-zikot,6c1d2cbaa7cbb39b2dbfac1ed3eaafca0ddf6a90,branch_bcw,0,0,15,Wednesday,0,0,Afternoon,0.0,,,0.912829325851112,0,1966,575,0,0.0,None,None,None,2024-12-11 15:14:08+00:00
pipe-lpcgq,build_and_test,unknown,2024-02-02 17:29:53+00:00,stable,system_automation,pipe-lpcgq,e8927afb5fa738fdc37c0c0cc10fb7f447569bdb,branch_bcn,0,0,17,Friday,0,0,Afternoon,0.0,,,0.9780838354519048,0,1508,190,0,0.0,None,None,None,2024-02-02 17:29:53+00:00
pipe-rrzzy,build_and_test,unknown,2024-10-01 12:55:17+00:00,stable,system_automation,pipe-rrzzy,aaf8be857b79fad5dd4eac6cdbce94cec19b39a9,branch_whv,0,0,12,Tuesday,0,0,Morning,0.0,,,0.9938511458961066,0,847,213,0,0.0,None,None,None,2024-10-01 12:55:17+00:00
pipe-feknr,deploy_to_staging,unknown,2024-06-26 05:08:21+00:00,rolled_back,user_qlr,pipe-feknr,efbf70eef2bca7ae086ad7739447a22aff76a6ac,branch_qfd,1,1,5,Wednesday,1,0,Night,75.0,2.701953183250127,pipe-feknr-INC,0.7868185753930181,3,1592,191,1,0.75,P2 - High,Software,High,2024-06-26 05:08:21+00:00
pipe-zvkjb,build_and_test,unknown,2024-03-09 04:06:32+00:00,stable,user_ufw,pipe-zvkjb,f6ca8589bcb6bb1daefb93b188a9eee3ccbab9c3,branch_abc,0,0,4,Saturday,1,1,Night,25.0,,,0.9441222748480558,0,1146,251,0,0.25,None,None,None,2024-03-09 04:06:32+00:00
pipe-bmxgt,run_unit_tests,unknown,2024-06-03 06:15:40+00:00,rolled_back,user_czj,pipe-bmxgt,f27cac36f2cdbee6a2dba647879c4600cadecce7,branch_xnw,1,1,6,Monday,1,0,Night,75.0,4.677741142559587,pipe-bmxgt-INC,0.8339230483576143,5,1853,447,1,0.75,P2 - High,Software,High,2024-06-03 06:15:40+00:00
pipe-gwmyg,build_and_test,unknown,2024-07-17 09:44:03+00:00,rolled_back,user_ilm,pipe-gwmyg,086bedbd4cebcb41d700a478d4fdbd6aa6eca5ca,branch_xyn,1,1,9,Wednesday,0,0,Morning,60.0,6.379236568298102,pipe-gwmyg-INC,0.8278176622245712,6,184,233,1,0.6,P2 - High,Software,High,2024-07-17 09:44:03+00:00
pipe-ddkns,run_unit_tests,unknown,2024-04-01 18:20:24+00:00,stable,user_pha,pipe-ddkns,4cfff8adb68de4b80f311cc092e87883593b9ecc,branch_dlm,0,0,18,Monday,1,0,Afternoon,15.0,,,0.9744770927816754,0,610,415,0,0.15,None,None,None,2024-04-01 18:20:24+00:00
pipe-wwcso,build_and_test,unknown,2024-09-02 23:48:06+00:00,stable,system_automation,pipe-wwcso,aca9fad07fcffd0df8ffa221abbbce63e8fb5a2c,branch_fpb,0,0,23,Monday,1,0,Evening,15.0,,,0.9820505943858604,0,2371,545,0,0.15,None,None,None,2024-09-02 23:48:06+00:00
pipe-btcbh,run_unit_tests,unknown,2024-07-21 10:13:39+00:00,rolled_back,user_nvf,pipe-btcbh,c8d7f9356b6c6ddb55a6ccce5f46a5ce81bd748b,branch_pox,1,1,10,Sunday,0,1,Morning,70.0,6.60515288499526,pipe-btcbh-INC,0.9057839013046289,4,1173,570,0,0.7,P2 - High,Software,High,2024-07-21 10:13:39+00:00
pipe-bmvzu,build_and_test,unknown,2024-06-13 10:51:50+00:00,rolled_back,user_gnw,pipe-bmvzu,791c4228ba5def8ead56312ba1bdeffbb78beedb,branch_sqt,1,1,10,Thursday,0,0,Morning,60.0,1.7522968993077792,pipe-bmvzu-INC,0.8028808564578512,2,1327,364,1,0.6,P2 - High,Software,High,2024-06-13 10:51:50+00:00
pipe-eqacb,run_unit_tests,staging,2024-11-18 00:07:31+00:00,stable,user_vjz,pipe-eqacb,3cecf6c1c9e9bcd5f1d65ed4efb48d2eacec3ae0,branch_wkt,0,0,0,Monday,1,0,Night,15.0,,,0.9117843900905831,0,1654,445,0,0.15,None,None,None,2024-11-18 00:07:31+00:00
pipe-nywyx,run_unit_tests,staging,2024-07-23 21:57:33+00:00,stable,system_automation,pipe-nywyx,7fdc7ba4bb6fe3e6430b50d61faca42db92f5db6,branch_lre,0,0,21,Tuesday,1,0,Evening,15.0,,,0.923833852936206,0,1342,556,0,0.15,None,None,None,2024-07-23 21:57:33+00:00
pipe-uaykt,build_and_test,staging,2024-02-03 05:22:23+00:00,stable,user_yqs,pipe-uaykt,afe795b84278fc5e7edbbd99e05c15fb3a5fcb71,branch_hzx,0,0,5,Saturday,1,1,Night,25.0,,,0.9502874936980353,0,2287,484,0,0.25,None,None,None,2024-02-03 05:22:23+00:00
pipe-ntpur,deploy_to_staging,unknown,2024-11-10 04:03:45+00:00,stable,system_automation,pipe-ntpur,2b812fda1fcf9f8f6d4c63ce5ccd6e275b1b59e5,branch_gol,0,0,4,Sunday,1,1,Night,25.0,,,0.9505276922293096,0,773,221,0,0.25,None,None,None,2024-11-10 04:03:45+00:00
pipe-bvgdr,run_unit_tests,unknown,2024-01-22 09:31:43+00:00,stable,user_sfb,pipe-bvgdr,cebc44c4067fef1c252a0dc25491fbc8208cfc8d,branch_rbp,0,0,9,Monday,0,0,Morning,0.0,,,0.9582644349314537,0,2287,131,0,0.0,None,None,None,2024-01-22 09:31:43+00:00
pipe-peqjr,run_integration_tests,unknown,2024-01-30 05:40:04+00:00,stable,system_automation,pipe-peqjr,b18ae4ae8aedeeaf647f5f97dae79adece6a3cf1,branch_ryy,0,0,5,Tuesday,1,0,Night,15.0,,,0.9395101837547891,0,667,122,0,0.15,None,None,None,2024-01-30 05:40:04+00:00
pipe-uoihp,run_integration_tests,unknown,2024-10-26 00:28:51+00:00,stable,system_automation,pipe-uoihp,d8ee8b2332e28c1b17999f5dda9338aa6f8de21e,branch_gby,0,0,0,Saturday,1,1,Night,25.0,,,0.9786891381450028,0,1143,536,0,0.25,None,None,None,2024-10-26 00:28:51+00:00
pipe-mooze,run_integration_tests,production,2024-07-28 08:36:22+00:00,stable,user_qmj,pipe-mooze,f5b5f93bebfbb905fdbef75e6fcb8ddf671f1deb,branch_lgx,0,0,8,Sunday,0,1,Morning,10.0,,,0.9913153750347208,0,1784,360,0,0.1,None,None,None,2024-07-28 08:36:22+00:00
pipe-anrep,run_integration_tests,unknown,2024-07-09 08:25:38+00:00,stable,user_jds,pipe-anrep,261b6ef0ca9ceea8955e65d3fbe6150d61c0cfa7,branch_pcd,0,0,8,Tuesday,0,0,Morning,0.0,,,0.9246725053479471,0,2663,220,0,0.0,None,None,None,2024-07-09 08:25:38+00:00
pipe-ygssv,build_and_test,unknown,2024-04-02 07:45:48+00:00,stable,system_automation,pipe-ygssv,aa5da2bd271dfddd45dae8a486e7f94e322f3148,branch_kil,0,0,7,Tuesday,1,0,Morning,15.0,,,0.9736523217701888,0,736,246,0,0.15,None,None,None,2024-04-02 07:45:48+00:00
pipe-ubslj,run_unit_tests,staging,2024-12-11 08:23:44+00:00,stable,system_automation,pipe-ubslj,ceb2da2f6bc7fb7ac777ec5a6a44d4bb8fd6b29b,branch_qpq,0,0,8,Wednesday,0,0,Morning,0.0,,,0.9677971852545044,0,1782,212,0,0.0,None,None,None,2024-12-11 08:23:44+00:00
pipe-uzcwq,run_integration_tests,unknown,2024-07-08 00:50:03+00:00,rolled_back,user_nke,pipe-uzcwq,f905fa75fe6c0b5df604ee0f7ac41dde39b6cdb4,branch_del,1,1,0,Monday,1,0,Night,75.0,5.227119448391663,pipe-uzcwq-INC,0.8938279314219314,3,239,493,0,0.75,P2 - High,Software,High,2024-07-08 00:50:03+00:00
pipe-ihqvu,deploy_to_dev,unknown,2024-08-21 06:25:37+00:00,stable,system_automation,pipe-ihqvu,a8504cb3b81a28c3efcdf29d2d62c6f5c9bbc1e2,branch_cig,0,0,6,Wednesday,1,0,Night,15.0,,,0.918853023387416,0,272,390,0,0.15,None,None,None,2024-08-21 06:25:37+00:00
pipe-ajeiv,run_unit_tests,unknown,2024-07-24 17:49:14+00:00,stable,system_automation,pipe-ajeiv,192bd51bd39f182cbe59e5cb4c83bb9a9f1b8af7,branch_sld,0,0,17,Wednesday,0,0,Afternoon,0.0,,,0.9795232258582709,0,2314,534,0,0.0,None,None,None,2024-07-24 17:49:14+00:00
pipe-bckhc,deploy_to_staging,unknown,2024-05-22 16:13:49+00:00,stable,user_zaa,pipe-bckhc,5064fc29804ee94a3aaecdddba4b84f89a6fb4cc,branch_vlk,0,0,16,Wednesday,0,0,Afternoon,0.0,,,0.9960626285628833,0,2170,222,0,0.0,None,None,None,2024-05-22 16:13:49+00:00
pipe-exhjd,deploy_to_staging,staging,2024-04-05 01:59:54+00:00,rolled_back,user_tvn,pipe-exhjd,7bdc3cddc97aebe8cde54f0bfceee94baf042644,branch_fss,1,1,1,Friday,1,0,Night,75.0,7.714232484121359,pipe-exhjd-INC,0.8148427063006327,5,1160,315,1,0.75,P2 - High,Software,High,2024-04-05 01:59:54+00:00
pipe-thxgy,build_and_test,staging,2024-06-18 05:15:11+00:00,stable,system_automation,pipe-thxgy,ca0752d609b893d54d073a0f7cddecaf1573eba5,branch_neg,0,0,5,Tuesday,1,0,Night,15.0,,,0.9917859996625734,0,1887,125,0,0.15,None,None,None,2024-06-18 05:15:11+00:00
pipe-nxbsu,run_integration_tests,unknown,2024-10-25 19:33:26+00:00,stable,system_automation,pipe-nxbsu,3e8ae45e90dd1a56db1d25a9e154cbee6034acdf,branch_hyq,0,0,19,Friday,1,0,Evening,15.0,,,0.9984185264948,0,1171,584,0,0.15,None,None,None,2024-10-25 19:33:26+00:00
pipe-fpdym,run_integration_tests,staging,2024-02-03 02:44:04+00:00,stable,system_automation,pipe-fpdym,eff1b7fc08e2f5d917f2e61961fa774dbff25ebc,branch_rrg,0,0,2,Saturday,1,1,Night,25.0,,,0.9352050674239238,0,867,336,0,0.25,None,None,None,2024-02-03 02:44:04+00:00
pipe-sygwv,run_unit_tests,unknown,2024-03-20 05:03:56+00:00,stable,user_zmh,pipe-sygwv,eb8b2f182b86dea67cd1fef3ea937acc556ebdcd,branch_bcq,0,0,5,Wednesday,1,0,Night,15.0,,,0.9638223552926337,0,1322,358,0,0.15,None,None,None,2024-03-20 05:03:56+00:00
pipe-dzzvq,run_integration_tests,staging,2024-02-02 02:22:11+00:00,stable,system_automation,pipe-dzzvq,c3431fcb6998d50fb0df8fbbf21aa17e53cb94f2,branch_wjm,0,0,2,Friday,1,0,Night,15.0,,,0.9473932737638078,0,969,283,0,0.15,None,None,None,2024-02-02 02:22:11+00:00
pipe-bicau,run_unit_tests,production,2024-08-03 22:27:38+00:00,rolled_back,system_automation,pipe-bicau,9c1ee7c5eadf2aaa1d6e575fc7a4689af6eb1ffd,branch_lah,1,1,22,Saturday,1,1,Evening,85.0,5.876676418692467,pipe-bicau-INC,0.8435542241655859,5,2454,206,1,0.85,P2 - High,Software,High,2024-08-03 22:27:38+00:00
pipe-krbsz,run_unit_tests,unknown,2024-02-08 08:01:44+00:00,stable,user_nom,pipe-krbsz,4cef4acdaa8914dd4adbfbeb70fc6a9bda46fc8d,branch_fdm,0,0,8,Thursday,0,0,Morning,0.0,,,0.9093807824007725,0,1264,572,0,0.0,None,None,None,2024-02-08 08:01:44+00:00
pipe-uqinf,run_unit_tests,unknown,2024-02-20 02:40:04+00:00,stable,user_rro,pipe-uqinf,51fdb18aadf028ee61245509e9b4f4c88d0dd058,branch_onc,0,0,2,Tuesday,1,0,Night,15.0,,,0.9412374914297225,0,996,324,0,0.15,None,None,None,2024-02-20 02:40:04+00:00
pipe-cgxgq,build_and_test,unknown,2024-12-09 02:39:55+00:00,rolled_back,user_apo,pipe-cgxgq,cb4ac8befd5aabcbeebbe920ae0d9cf8eea42ef2,branch_rmd,1,1,2,Monday,1,0,Night,75.0,1.2229322161512446,pipe-cgxgq-INC,0.7555359839209091,6,1631,424,1,0.75,P2 - High,Software,High,2024-12-09 02:39:55+00:00
pipe-wuyzf,deploy_to_dev,staging,2024-07-17 20:00:07+00:00,stable,user_qqr,pipe-wuyzf,12ffc483f38ace2300650e2c8eb6a8229cb9ee94,branch_nvh,0,0,20,Wednesday,1,0,Evening,15.0,,,0.9284051310526515,0,2286,80,0,0.15,None,None,None,2024-07-17 20:00:07+00:00
pipe-kiayp,build_and_test,unknown,2024-11-15 06:00:32+00:00,stable,system_automation,pipe-kiayp,6b1db80eebf2153ebe4d76ead5bacacb5bbadea4,branch_alc,0,0,6,Friday,1,0,Night,15.0,,,0.9787792850638872,0,857,209,0,0.15,None,None,None,2024-11-15 06:00:32+00:00
pipe-qhuxq,run_unit_tests,unknown,2024-04-20 10:05:58+00:00,stable,user_fjt,pipe-qhuxq,102726aede694ddfe2aedfda810789fd35eddce5,branch_akg,0,0,10,Saturday,0,1,Morning,10.0,,,0.9382783162780256,0,2821,494,0,0.1,None,None,None,2024-04-20 10:05:58+00:00
pipe-xjllt,run_unit_tests,unknown,2024-01-14 01:04:57+00:00,stable,user_dwy,pipe-xjllt,64c7a3aaaeb0a3c2c890d9a7e7ea74cabc55adeb,branch_hlk,0,0,1,Sunday,1,1,Night,25.0,,,0.9979978539890159,0,1417,107,0,0.25,None,None,None,2024-01-14 01:04:57+00:00
pipe-rcolj,build_and_test,unknown,2024-10-29 19:08:34+00:00,stable,system_automation,pipe-rcolj,6aac1bbee4c28fa40b04faa2cabee0f4bbef2ede,branch_hzu,0,0,19,Tuesday,1,0,Evening,15.0,,,0.9883529836423708,0,1999,114,0,0.15,None,None,None,2024-10-29 19:08:34+00:00
pipe-qufwq,run_integration_tests,development,2024-11-25 20:51:41+00:00,stable,user_asu,pipe-qufwq,c969d6caf7af8ddb2168e6efc83d6d9ba45e5c89,branch_awb,0,0,20,Monday,1,0,Evening,15.0,,,0.9301320357662616,0,2873,497,0,0.15,None,None,None,2024-11-25 20:51:41+00:00
pipe-akdsj,run_unit_tests,unknown,2024-09-29 11:17:46+00:00,stable,system_automation,pipe-akdsj,e8c0bdaa06c173cf9e6ecc03bba3dadffd58c021,branch_gtd,0,0,11,Sunday,0,1,Morning,10.0,,,0.9770193113537855,0,1323,226,0,0.1,None,None,None,2024-09-29 11:17:46+00:00
pipe-uerzm,run_integration_tests,unknown,2024-05-16 22:46:08+00:00,stable,system_automation,pipe-uerzm,8f8b875be2c1c6da06bf5ccf01af157bb33da02c,branch_sgz,0,0,22,Thursday,1,0,Evening,15.0,,,0.9336856543833268,0,639,207,0,0.15,None,None,None,2024-05-16 22:46:08+00:00
pipe-ifjqp,run_integration_tests,unknown,2024-01-21 19:35:49+00:00,stable,system_automation,pipe-ifjqp,4dd9e77ea6f05f0fdddb082e40be0fe4ab2a20c8,branch_tyo,0,0,19,Sunday,1,1,Evening,25.0,,,0.9606362840215535,0,2255,365,0,0.25,None,None,None,2024-01-21 19:35:49+00:00
pipe-qbtej,run_integration_tests,unknown,2024-03-21 07:54:31+00:00,stable,system_automation,pipe-qbtej,131ffa61888ccdf6e1d9bc043ce9eb0460ffc1bd,branch_kra,0,0,7,Thursday,1,0,Morning,15.0,,,0.9658480768393292,0,69,165,0,0.15,None,None,None,2024-03-21 07:54:31+00:00
pipe-rsycf,deploy_to_staging,unknown,2024-10-31 16:08:08+00:00,stable,user_hsv,pipe-rsycf,f3a8bed3c601cd038ebbfc368d19d52437dea7e4,branch_jzv,0,0,16,Thursday,0,0,Afternoon,0.0,,,0.9829595409085705,0,1400,83,0,0.0,None,None,None,2024-10-31 16:08:08+00:00
pipe-yicwc,run_integration_tests,unknown,2024-01-14 21:53:00+00:00,rolled_back,system_automation,pipe-yicwc,4d7dc6ecdc41ea2deb3ec922a5e80a59bbcac8db,branch_kwt,1,1,21,Sunday,1,1,Evening,85.0,4.880734766845517,pipe-yicwc-INC,0.7213351355152055,7,2940,62,1,0.85,P2 - High,Software,High,2024-01-14 21:53:00+00:00
pipe-gtrbk,run_unit_tests,staging,2024-06-21 02:29:11+00:00,stable,system_automation,pipe-gtrbk,cf58bf1ce3bafc56edbabfe53fce07a4ddfb545e,branch_qlg,0,0,2,Friday,1,0,Night,15.0,,,0.92201578911523,0,1272,102,0,0.15,None,None,None,2024-06-21 02:29:11+00:00
pipe-jfkqt,deploy_to_staging,unknown,2024-02-24 03:01:25+00:00,stable,system_automation,pipe-jfkqt,a1505ece8bcfa7bdf31cfebfac1bd4748c04e99d,branch_dey,0,0,3,Saturday,1,1,Night,25.0,,,0.9711917810588578,0,2068,145,0,0.25,None,None,None,2024-02-24 03:01:25+00:00
pipe-klzmz,run_unit_tests,production,2024-01-25 06:57:37+00:00,rolled_back,system_automation,pipe-klzmz,eab762034a136fe0d6e37dbdbd65c189bbbae2db,branch_des,1,1,6,Thursday,1,0,Night,75.0,3.618555516279572,pipe-klzmz-INC,0.819320168506485,5,1599,435,1,0.75,P2 - High,Software,High,2024-01-25 06:57:37+00:00
pipe-nndcd,run_integration_tests,development,2024-01-11 01:56:30+00:00,rolled_back,user_iyh,pipe-nndcd,bb4fc04f2b127cad3ff9bd38da05cf1c71fdacc4,branch_yuj,1,1,1,Thursday,1,0,Night,75.0,0.8121063039641936,pipe-nndcd-INC,0.736368491140804,3,683,220,1,0.75,P2 - High,Software,High,2024-01-11 01:56:30+00:00
pipe-ledgr,deploy_to_dev,unknown,2024-07-28 18:56:51+00:00,stable,user_onw,pipe-ledgr,efec17fadb03ad5da67fd8fae30aed5f58caaf0c,branch_hzh,0,0,18,Sunday,1,1,Afternoon,25.0,,,0.905520995670798,0,987,98,0,0.25,None,None,None,2024-07-28 18:56:51+00:00
pipe-vacaa,run_unit_tests,unknown,2024-06-12 20:20:00+00:00,rolled_back,user_nrc,pipe-vacaa,9df4d1c621faba317c9bb2a17474803f46f8b3b8,branch_rqs,1,1,20,Wednesday,1,0,Evening,75.0,2.97395909249589,pipe-vacaa-INC,0.7352686454960967,3,1594,67,1,0.75,P2 - High,Software,High,2024-06-12 20:20:00+00:00
pipe-depay,run_unit_tests,unknown,2024-06-03 16:04:11+00:00,stable,user_ovq,pipe-depay,a2dd1b00527a7aed0f30f4e646d5ae890cbb7975,branch_syp,0,0,16,Monday,0,0,Afternoon,0.0,,,0.9865100231910648,0,357,317,0,0.0,None,None,None,2024-06-03 16:04:11+00:00
pipe-otuah,build_and_test,unknown,2024-01-22 13:36:04+00:00,stable,system_automation,pipe-otuah,dfb29ed27aaa8afe007a492a903d3b1bc62eed96,branch_hzt,0,0,13,Monday,0,0,Afternoon,0.0,,,0.9030892837036032,0,1273,513,0,0.0,None,None,None,2024-01-22 13:36:04+00:00
pipe-uoldy,deploy_to_staging,unknown,2024-12-27 03:47:43+00:00,stable,system_automation,pipe-uoldy,f1b3ec0a4de0db068fd2d75cdddedcacd7abbfcd,branch_zuj,0,0,3,Friday,1,0,Night,15.0,,,0.9396436235364812,0,1273,242,0,0.15,None,None,None,2024-12-27 03:47:43+00:00
pipe-xqbzs,deploy_to_staging,unknown,2024-10-18 22:13:27+00:00,rolled_back,user_jdy,pipe-xqbzs,a2b63dd7651dae9df2d0d95fc87beba0c49da69c,branch_vki,1,1,22,Friday,1,0,Evening,75.0,1.7794472640266457,pipe-xqbzs-INC,0.7651272298402056,1,2512,94,1,0.75,P2 - High,Software,High,2024-10-18 22:13:27+00:00
pipe-sryzv,run_integration_tests,unknown,2024-10-26 00:19:48+00:00,stable,user_qbc,pipe-sryzv,2998ca59bbf07f3deaae8a344d8baf1a9799acd4,branch_gjh,0,0,0,Saturday,1,1,Night,25.0,,,0.9050880734545015,0,415,183,0,0.25,None,None,None,2024-10-26 00:19:48+00:00
pipe-gpbvd,build_and_test,unknown,2024-08-06 20:41:58+00:00,stable,system_automation,pipe-gpbvd,2cad89defae003635b1afcd1175f0ce1f5fe09df,branch_slm,0,0,20,Tuesday,1,0,Evening,15.0,,,0.9749705751044637,0,2535,329,0,0.15,None,None,None,2024-08-06 20:41:58+00:00
pipe-eqmye,build_and_test,unknown,2024-03-23 17:38:37+00:00,stable,user_vaq,pipe-eqmye,bace762ec384f1af6d31eedbbaaf058e5eaf7a6e,branch_lws,0,0,17,Saturday,0,1,Afternoon,10.0,,,0.9257612616182037,0,1260,161,0,0.1,None,None,None,2024-03-23 17:38:37+00:00
pipe-nlidl,build_and_test,production,2024-08-02 15:17:30+00:00,stable,user_ngk,pipe-nlidl,df00d10b592e177f2ac01bc6065b2f1edb310efb,branch_oex,0,0,15,Friday,0,0,Afternoon,0.0,,,0.9866608832153673,0,1971,588,0,0.0,None,None,None,2024-08-02 15:17:30+00:00
pipe-zfnbc,deploy_to_dev,unknown,2024-11-24 01:33:29+00:00,stable,system_automation,pipe-zfnbc,9cf6facd07f4ed53cf8a2aaa2e6c81b5c82efb62,branch_mcp,0,0,1,Sunday,1,1,Night,25.0,,,0.9746067978959365,0,1692,472,0,0.25,None,None,None,2024-11-24 01:33:29+00:00
pipe-viihu,deploy_to_staging,unknown,2024-07-22 02:34:00+00:00,stable,system_automation,pipe-viihu,c7d6cbace16f328d85e4d6ab3a56eff0aeb5adeb,branch_nvo,0,0,2,Monday,1,0,Night,15.0,,,0.9885705170858363,0,934,246,0,0.15,None,None,None,2024-07-22 02:34:00+00:00
pipe-psshg,deploy_to_dev,production,2024-09-10 00:16:29+00:00,stable,user_ogf,pipe-psshg,a8acefad877d9315c7eec08e69baf3dd5ecbeb41,branch_tnq,0,0,0,Tuesday,1,0,Night,15.0,,,0.9215924790431266,0,2795,573,0,0.15,None,None,None,2024-09-10 00:16:29+00:00
pipe-hhztk,run_unit_tests,unknown,2024-08-08 05:16:00+00:00,stable,user_xvn,pipe-hhztk,741449eecfac0665fbc9e5c94c822fe6562c68dc,branch_cic,0,0,5,Thursday,1,0,Night,15.0,,,0.9531292754818605,0,712,235,0,0.15,None,None,None,2024-08-08 05:16:00+00:00
pipe-jhzyp,run_unit_tests,production,2024-03-06 12:55:06+00:00,stable,user_rqu,pipe-jhzyp,c0b66dc2fc1a484bc7a034cf6b7ce0f443f60e6c,branch_wem,0,0,12,Wednesday,0,0,Morning,0.0,,,0.9779269943574801,0,156,135,0,0.0,None,None,None,2024-03-06 12:55:06+00:00
pipe-bpdpu,build_and_test,unknown,2024-07-26 18:28:07+00:00,stable,system_automation,pipe-bpdpu,dbdc81d3eabd7ac9dc9bce49a0a0f4ababc0ff0b,branch_ddb,0,0,18,Friday,1,0,Afternoon,15.0,,,0.9245699742994982,0,2262,566,0,0.15,None,None,None,2024-07-26 18:28:07+00:00
pipe-eckkd,run_integration_tests,unknown,2024-03-16 20:01:16+00:00,rolled_back,user_ivg,pipe-eckkd,972ebcf0adf0fec423f012ef9d0ba1235edcc0ba,branch_try,1,1,20,Saturday,1,1,Evening,85.0,4.180302457658907,pipe-eckkd-INC,0.8862252779349505,4,1883,578,0,0.85,P2 - High,Software,High,2024-03-16 20:01:16+00:00
pipe-furpq,build_and_test,unknown,2024-01-19 05:14:09+00:00,rolled_back,system_automation,pipe-furpq,c1dcc18f05bc1639f30034bbdc58a95e8d7cd37e,branch_vch,1,1,5,Friday,1,0,Night,75.0,7.533698412312371,pipe-furpq-INC,0.7394882559161392,6,2677,228,1,0.75,P2 - High,Software,High,2024-01-19 05:14:09+00:00
pipe-mulby,deploy_to_staging,unknown,2024-08-08 18:41:31+00:00,rolled_back,system_automation,pipe-mulby,fc1f84767d2efe10de1dabb4beac0fdca34654de,branch_bli,1,1,18,Thursday,1,0,Afternoon,75.0,4.787960392820565,pipe-mulby-INC,0.7909849448881934,7,1400,381,1,0.75,P2 - High,Software,High,2024-08-08 18:41:31+00:00
pipe-llrgx,deploy_to_staging,unknown,2024-10-20 17:39:18+00:00,rolled_back,user_imh,pipe-llrgx,e1d1addeefbe315ef0c4b9ee8aeaceed87a0febe,branch_tlv,1,1,17,Sunday,0,1,Afternoon,70.0,4.051170507927154,pipe-llrgx-INC,0.7989690459877078,1,99,153,1,0.7,P2 - High,Software,High,2024-10-20 17:39:18+00:00
pipe-whrxa,run_unit_tests,unknown,2024-09-03 04:30:14+00:00,rolled_back,system_automation,pipe-whrxa,33743eba60cb6bf99073bcb7180a4ffcf9e9bf4c,branch_fal,1,1,4,Tuesday,1,0,Night,75.0,2.5023174731892017,pipe-whrxa-INC,0.7539569740651061,6,109,406,1,0.75,P2 - High,Software,High,2024-09-03 04:30:14+00:00
pipe-jgqpw,deploy_to_staging,unknown,2024-09-20 05:15:43+00:00,stable,user_ufp,pipe-jgqpw,aef6c4bba12dc16bfd0057075e7d24574d25619f,branch_may,0,0,5,Friday,1,0,Night,15.0,,,0.9743994722694991,0,1328,432,0,0.15,None,None,None,2024-09-20 05:15:43+00:00
pipe-zqvqw,run_integration_tests,unknown,2024-09-13 14:05:10+00:00,rolled_back,system_automation,pipe-zqvqw,41e6fb0a177c5c4c4295deb9ec1cb365aedd3a44,branch_gnp,1,1,14,Friday,0,0,Afternoon,60.0,4.405043018536533,pipe-zqvqw-INC,0.8872936228684849,4,786,443,0,0.6,P2 - High,Software,High,2024-09-13 14:05:10+00:00
pipe-erbjb,run_integration_tests,unknown,2024-10-21 09:38:47+00:00,stable,system_automation,pipe-erbjb,dcaae572e63ddd105da67a21ecfd1f0a95adc889,branch_pab,0,0,9,Monday,0,0,Morning,0.0,,,0.947613382109041,0,2770,367,0,0.0,None,None,None,2024-10-21 09:38:47+00:00
pipe-trihm,build_and_test,staging,2024-02-10 02:19:08+00:00,stable,user_tut,pipe-trihm,1df5ad4cb1c0a6b09909a434f714b0d6b6cc1b7f,branch_tde,0,0,2,Saturday,1,1,Night,25.0,,,0.944953224112352,0,399,440,0,0.25,None,None,None,2024-02-10 02:19:08+00:00
pipe-dlxri,run_unit_tests,unknown,2024-04-01 01:31:51+00:00,stable,system_automation,pipe-dlxri,ddaddd420f1cefcac3bbad2b116d9dda368a0fbf,branch_mmd,0,0,1,Monday,1,0,Night,15.0,,,0.9640439212103642,0,2648,359,0,0.15,None,None,None,2024-04-01 01:31:51+00:00
pipe-ikihu,build_and_test,unknown,2024-06-27 23:56:41+00:00,stable,user_kkc,pipe-ikihu,bb5c1c17e05a5c69fd669caf0e2adf0f67db541f,branch_mqi,0,0,23,Thursday,1,0,Evening,15.0,,,0.9201534975392384,0,689,502,0,0.15,None,None,None,2024-06-27 23:56:41+00:00
pipe-mmgqn,run_unit_tests,unknown,2024-12-25 19:21:05+00:00,stable,system_automation,pipe-mmgqn,bc3f7934aeeccfeacddd3cd01ceded621c270d4f,branch_bgv,0,0,19,Wednesday,1,0,Evening,15.0,,,0.988805869501487,0,402,156,0,0.15,None,None,None,2024-12-25 19:21:05+00:00
pipe-sjidg,deploy_to_dev,unknown,2024-06-19 03:11:28+00:00,stable,user_cuz,pipe-sjidg,db511d7fb6e2d35ffdfa5f3f5b1aa36af2cfef4c,branch_dpu,0,0,3,Wednesday,1,0,Night,15.0,,,0.9811752371219266,0,859,321,0,0.15,None,None,None,2024-06-19 03:11:28+00:00
pipe-mmgxj,deploy_to_dev,unknown,2024-04-25 15:47:34+00:00,stable,system_automation,pipe-mmgxj,abac22bdea62acfe4ab6cee4d0bbf9cbf6cbcce6,branch_law,0,0,15,Thursday,0,0,Afternoon,0.0,,,0.9349563611452034,0,475,284,0,0.0,None,None,None,2024-04-25 15:47:34+00:00
pipe-ktasf,run_integration_tests,unknown,2024-05-28 13:05:32+00:00,stable,user_roz,pipe-ktasf,6ecffe4f0baded5cabfdaaec71e76e9cad29c5cb,branch_ztm,0,0,13,Tuesday,0,0,Afternoon,0.0,,,0.9578609296812525,0,1233,348,0,0.0,None,None,None,2024-05-28 13:05:32+00:00
pipe-dpfhg,deploy_to_staging,unknown,2024-09-16 03:56:12+00:00,stable,system_automation,pipe-dpfhg,bd5babdafa1eaf94c9a8feba9a2ab86e615fba9e,branch_tuz,0,0,3,Monday,1,0,Night,15.0,,,0.9141027299950015,0,1024,136,0,0.15,None,None,None,2024-09-16 03:56:12+00:00
pipe-qwjvk,deploy_to_dev,unknown,2024-10-04 20:54:20+00:00,rolled_back,user_nnc,pipe-qwjvk,a14f19fecdbf4eb7bd2afb0b3cbbe639f21f4830,branch_qly,1,1,20,Friday,1,0,Evening,75.0,5.445669760189263,pipe-qwjvk-INC,0.8138855346833004,3,1610,234,1,0.75,P2 - High,Software,High,2024-10-04 20:54:20+00:00
pipe-frtti,deploy_to_dev,unknown,2024-08-01 01:00:29+00:00,stable,user_pjl,pipe-frtti,7ebf29ffc4e8aee9cdf469412a165547f42a5d13,branch_lem,0,0,1,Thursday,1,0,Night,15.0,,,0.9902892687630284,0,1634,575,0,0.15,None,None,None,2024-08-01 01:00:29+00:00
pipe-zlkrt,run_unit_tests,production,2024-12-06 15:42:22+00:00,stable,system_automation,pipe-zlkrt,4f97ba1e3e1fdd19edfb6efd7a6a66b8ce96d104,branch_hgs,0,0,15,Friday,0,0,Afternoon,0.0,,,0.99218975064992,0,52,116,0,0.0,None,None,None,2024-12-06 15:42:22+00:00
pipe-jvsxg,run_unit_tests,unknown,2024-03-17 11:07:54+00:00,stable,system_automation,pipe-jvsxg,a92fe636b9c3dbfa5f14bca7f1befedfc799f4ab,branch_dge,0,0,11,Sunday,0,1,Morning,10.0,,,0.9332163047703452,0,418,403,0,0.1,None,None,None,2024-03-17 11:07:54+00:00
pipe-iuilg,build_and_test,unknown,2024-09-10 05:46:05+00:00,stable,user_xge,pipe-iuilg,edabcadcafeacc48549dbbed1435f12c4d9ddaab,branch_nyo,0,0,5,Tuesday,1,0,Night,15.0,,,0.9169134707382856,0,527,418,0,0.15,None,None,None,2024-09-10 05:46:05+00:00
pipe-etemt,deploy_to_dev,unknown,2024-03-10 23:34:48+00:00,stable,user_hor,pipe-etemt,e142ac4838fcb0dffcfac04e3ba9ae08be6fec48,branch_fyb,0,0,23,Sunday,1,1,Evening,25.0,,,0.9211772163466311,0,624,316,0,0.25,None,None,None,2024-03-10 23:34:48+00:00
pipe-isyrc,deploy_to_staging,production,2024-05-22 15:51:52+00:00,stable,system_automation,pipe-isyrc,b4f7dfa43b4d5aff431ebfb8bb1f30730d4f883c,branch_vbx,0,0,15,Wednesday,0,0,Afternoon,0.0,,,0.909000139104509,0,326,78,0,0.0,None,None,None,2024-05-22 15:51:52+00:00
pipe-bihbx,build_and_test,unknown,2024-08-28 00:47:03+00:00,rolled_back,system_automation,pipe-bihbx,d9aec5efcc345fa3f93e5ef8bbb35ae149f87d30,branch_oyz,1,1,0,Wednesday,1,0,Night,75.0,4.661393520436125,pipe-bihbx-INC,0.9094949374860504,7,978,78,0,0.75,P2 - High,Software,High,2024-08-28 00:47:03+00:00
pipe-uoqyt,build_and_test,unknown,2024-09-17 01:16:31+00:00,stable,system_automation,pipe-uoqyt,4cd1f3caed7ba4bbcc8bc1fdb614bf86065c0e83,branch_ifq,0,0,1,Tuesday,1,0,Night,15.0,,,0.9071304534184845,0,1671,208,0,0.15,None,None,None,2024-09-17 01:16:31+00:00
pipe-gnyji,deploy_to_dev,unknown,2024-10-08 14:39:21+00:00,rolled_back,system_automation,pipe-gnyji,0cd6bd1eb792f032bd3d68c2cdb51a7faabae1bd,branch_iva,1,1,14,Tuesday,0,0,Afternoon,60.0,6.723423073493099,pipe-gnyji-INC,0.9097052154791416,2,961,115,0,0.6,P2 - High,Software,High,2024-10-08 14:39:21+00:00
pipe-qtkmr,deploy_to_dev,unknown,2024-10-06 08:28:46+00:00,stable,user_rpr,pipe-qtkmr,cbfa779bfa821e2ccf3d76b8bde64ec20c40c51c,branch_bni,0,0,8,Sunday,0,1,Morning,10.0,,,0.9074057683369073,0,1020,110,0,0.1,None,None,None,2024-10-06 08:28:46+00:00
pipe-wdisl,build_and_test,unknown,2024-05-22 11:22:03+00:00,rolled_back,system_automation,pipe-wdisl,8a2b6f0de5d0e03ce869178cb95faa4ae7fc3dc2,branch_vlt,1,1,11,Wednesday,0,0,Morning,60.0,2.878541696170365,pipe-wdisl-INC,0.8219716414487854,1,1435,146,1,0.6,P2 - High,Software,High,2024-05-22 11:22:03+00:00
pipe-lcrys,deploy_to_staging,unknown,2024-07-10 16:16:36+00:00,stable,system_automation,pipe-lcrys,dc1f7aab75bcdf97c985d9d98e822b0ba2d4e0de,branch_osd,0,0,16,Wednesday,0,0,Afternoon,0.0,,,0.9827254595590736,0,1667,162,0,0.0,None,None,None,2024-07-10 16:16:36+00:00
pipe-xdtvz,run_unit_tests,staging,2024-03-06 13:48:19+00:00,stable,user_pqh,pipe-xdtvz,942b2a1e9a1f6fcddcc1bae338f037c6d147807d,branch_sqq,0,0,13,Wednesday,0,0,Afternoon,0.0,,,0.9580240216742943,0,1026,512,0,0.0,None,None,None,2024-03-06 13:48:19+00:00
pipe-twvlx,run_unit_tests,unknown,2024-11-22 01:32:32+00:00,stable,system_automation,pipe-twvlx,2aecf06de33c5b44a886df8fac3c8d8e71472bed,branch_det,0,0,1,Friday,1,0,Night,15.0,,,0.9774417204569332,0,704,404,0,0.15,None,None,None,2024-11-22 01:32:32+00:00
pipe-ujoql,run_integration_tests,unknown,2024-04-28 02:21:29+00:00,stable,system_automation,pipe-ujoql,ff8facf0042ab394c4b31eaaf710a9d8d53aec90,branch_jjs,0,0,2,Sunday,1,1,Night,25.0,,,0.9630912007772655,0,1257,76,0,0.25,None,None,None,2024-04-28 02:21:29+00:00
pipe-aeiwp,run_integration_tests,production,2024-02-20 19:23:55+00:00,stable,system_automation,pipe-aeiwp,96af40bdd63e0efae5edd8cde6fcd1c89a8e6bc9,branch_nsy,0,0,19,Tuesday,1,0,Evening,15.0,,,0.9882175070328948,0,121,399,0,0.15,None,None,None,2024-02-20 19:23:55+00:00
pipe-kkynn,run_unit_tests,unknown,2024-11-11 23:28:29+00:00,stable,system_automation,pipe-kkynn,8ae7a48e1da99fb09c0faa1eba1bbaed4d7bd9bd,branch_bid,0,0,23,Monday,1,0,Evening,15.0,,,0.963846752776474,0,1503,133,0,0.15,None,None,None,2024-11-11 23:28:29+00:00
pipe-yvmol,deploy_to_dev,unknown,2024-02-21 08:51:41+00:00,stable,user_qkp,pipe-yvmol,dffb6567e1afb6eaff9084fa1fd8e46b099e1ad1,branch_ykv,0,0,8,Wednesday,0,0,Morning,0.0,,,0.9522125092903151,0,2827,287,0,0.0,None,None,None,2024-02-21 08:51:41+00:00
pipe-hovbp,run_integration_tests,unknown,2024-09-18 07:38:55+00:00,rolled_back,system_automation,pipe-hovbp,cc10d9b23f6c982fb9b6f0663e3c4fa81df63ce1,branch_zai,1,1,7,Wednesday,1,0,Morning,75.0,3.7632279500227845,pipe-hovbp-INC,0.80230310903764,5,1223,80,1,0.75,P2 - High,Software,High,2024-09-18 07:38:55+00:00
pipe-xaceo,deploy_to_staging,unknown,2024-01-23 20:22:40+00:00,rolled_back,system_automation,pipe-xaceo,b3bb6c5d5becde0b2dabe7fab4640ebb5a5d6a2c,branch_cui,1,1,20,Tuesday,1,0,Evening,75.0,7.942816730418778,pipe-xaceo-INC,0.7880992739539612,1,369,108,1,0.75,P2 - High,Software,High,2024-01-23 20:22:40+00:00
pipe-vtblv,deploy_to_staging,unknown,2024-12-02 08:59:44+00:00,stable,user_gqh,pipe-vtblv,e90bd5bb19e211b8af846cdf64ee26118effadcb,branch_uwc,0,0,8,Monday,0,0,Morning,0.0,,,0.9346063822904734,0,2135,131,0,0.0,None,None,None,2024-12-02 08:59:44+00:00
pipe-pjkmx,deploy_to_dev,unknown,2024-09-16 18:06:42+00:00,stable,user_ivu,pipe-pjkmx,e7bcf6aac9f9dabe7d20dae5efb7cb5858ba480e,branch_gsq,0,0,18,Monday,1,0,Afternoon,15.0,,,0.9467652452450213,0,424,294,0,0.15,None,None,None,2024-09-16 18:06:42+00:00
pipe-guzhf,run_unit_tests,unknown,2024-07-07 07:09:07+00:00,rolled_back,user_kww,pipe-guzhf,5759aeb7f73d3ae8f4fcaebdc0def2f696cd6f94,branch_vit,1,1,7,Sunday,1,1,Morning,85.0,7.1809436815889365,pipe-guzhf-INC,0.9174928576743069,7,621,310,0,0.85,P2 - High,Software,High,2024-07-07 07:09:07+00:00
pipe-auzqw,build_and_test,unknown,2024-11-09 00:20:37+00:00,stable,user_oeq,pipe-auzqw,dcaeaec8ffc8ac5d210e5a5ab2f0d642b2c82aa7,branch_uai,0,0,0,Saturday,1,1,Night,25.0,,,0.9796571729802691,0,482,250,0,0.25,None,None,None,2024-11-09 00:20:37+00:00
pipe-xxmzc,deploy_to_staging,unknown,2024-07-10 08:31:23+00:00,rolled_back,user_yfk,pipe-xxmzc,edce2f4159aac89ae7dca057373a7008b311ce85,branch_thk,1,1,8,Wednesday,0,0,Morning,60.0,4.391437702898368,pipe-xxmzc-INC,0.8631552192009334,2,2656,394,0,0.6,P2 - High,Software,High,2024-07-10 08:31:23+00:00
pipe-nrfvq,deploy_to_staging,unknown,2024-10-07 22:20:53+00:00,stable,user_moh,pipe-nrfvq,5e4ee15fbf40ffff8eecd2fcedc6cce44096ec46,branch_tpb,0,0,22,Monday,1,0,Evening,15.0,,,0.9153531546337048,0,2944,449,0,0.15,None,None,None,2024-10-07 22:20:53+00:00
pipe-reolr,deploy_to_staging,unknown,2024-12-29 00:43:43+00:00,stable,system_automation,pipe-reolr,f1b6feceae42d4f8acba1f4b9ded0f3d24bfee39,branch_nnh,0,0,0,Sunday,1,1,Night,25.0,,,0.9246352241783227,0,1730,453,0,0.25,None,None,None,2024-12-29 00:43:43+00:00
pipe-marwy,build_and_test,unknown,2024-08-20 16:22:01+00:00,rolled_back,system_automation,pipe-marwy,ae88a95cfba6cba8f869a19fe66cadb5c60b4bf2,branch_kcb,1,1,16,Tuesday,0,0,Afternoon,60.0,5.462459473758208,pipe-marwy-INC,0.902546488820185,1,1872,372,0,0.6,P2 - High,Software,High,2024-08-20 16:22:01+00:00
pipe-ttfas,deploy_to_dev,production,2024-04-30 18:55:50+00:00,stable,system_automation,pipe-ttfas,6a45cbadbfc0a5de745d0dbcccdfb2c6e4b4e5df,branch_kws,0,0,18,Tuesday,1,0,Afternoon,15.0,,,0.9330201295597732,0,1954,354,0,0.15,None,None,None,2024-04-30 18:55:50+00:00
pipe-ccyte,build_and_test,staging,2024-06-20 20:37:44+00:00,rolled_back,user_nkb,pipe-ccyte,1cd3e4deda8da719edad2855952e0124ba2d9ec9,branch_xjy,1,1,20,Thursday,1,0,Evening,75.0,1.2085000104613646,pipe-ccyte-INC,0.7110234717333254,7,1850,325,1,0.75,P2 - High,Software,High,2024-06-20 20:37:44+00:00
pipe-qligy,deploy_to_staging,unknown,2024-12-14 19:02:03+00:00,rolled_back,user_utr,pipe-qligy,7a792c51a9a1ae71af7d9aeb42d1c2cf98fdd789,branch_dqk,1,1,19,Saturday,1,1,Evening,85.0,6.100922085117695,pipe-qligy-INC,0.7753288088983383,7,1655,188,1,0.85,P2 - High,Software,High,2024-12-14 19:02:03+00:00
pipe-qeiww,deploy_to_dev,unknown,2024-08-29 19:23:52+00:00,stable,user_lgv,pipe-qeiww,dc73d8cdd35bbad5ebc4bb7dff3465be03f6a6cc,branch_ydr,0,0,19,Thursday,1,0,Evening,15.0,,,0.9077744666925043,0,2960,322,0,0.15,None,None,None,2024-08-29 19:23:52+00:00
pipe-eqjli,deploy_to_staging,unknown,2024-03-16 00:03:54+00:00,stable,system_automation,pipe-eqjli,6fbb472a7c6cd48b6c9aa8a8bd0ae293a9117e0d,branch_osl,0,0,0,Saturday,1,1,Night,25.0,,,0.9765024405178043,0,2212,65,0,0.25,None,None,None,2024-03-16 00:03:54+00:00
pipe-fcvme,deploy_to_staging,production,2024-04-28 10:31:30+00:00,stable,user_xce,pipe-fcvme,2f6e765dd6f9f286b7ca9e6c82342c7e2bcecc79,branch_zae,0,0,10,Sunday,0,1,Morning,10.0,,,0.930766546637903,0,310,581,0,0.1,None,None,None,2024-04-28 10:31:30+00:00
pipe-fvmaq,run_integration_tests,unknown,2024-01-29 18:25:23+00:00,rolled_back,system_automation,pipe-fvmaq,1eca0509aed2cec5dca4b3bd2994efc688c7b5c9,branch_dgp,1,1,18,Monday,1,0,Afternoon,75.0,1.4206844930861453,pipe-fvmaq-INC,0.8745997844497231,7,1206,259,0,0.75,P2 - High,Software,High,2024-01-29 18:25:23+00:00
pipe-ushfb,build_and_test,unknown,2024-10-19 16:29:56+00:00,stable,user_agm,pipe-ushfb,f37f39db613e94aae1aabd1d8cbe3ad7eb97ca5e,branch_oid,0,0,16,Saturday,0,1,Afternoon,10.0,,,0.9688901452452973,0,2924,468,0,0.1,None,None,None,2024-10-19 16:29:56+00:00
pipe-asqgq,deploy_to_staging,unknown,2024-02-25 18:49:29+00:00,rolled_back,user_uti,pipe-asqgq,b6dcabcb24be70d4dc3cdee0ffcf433cb0aeeccb,branch_trm,1,1,18,Sunday,1,1,Afternoon,85.0,1.6496323746837054,pipe-asqgq-INC,0.9032323295404997,5,1240,576,0,0.85,P2 - High,Software,High,2024-02-25 18:49:29+00:00
pipe-lumxr,build_and_test,unknown,2024-02-21 19:21:56+00:00,stable,system_automation,pipe-lumxr,add32ca014eca2bc373e4385d650b56eeb6e6e8e,branch_kwn,0,0,19,Wednesday,1,0,Evening,15.0,,,0.9295019208712395,0,651,328,0,0.15,None,None,None,2024-02-21 19:21:56+00:00
pipe-qakim,deploy_to_staging,unknown,2024-06-25 06:13:40+00:00,rolled_back,user_hxf,pipe-qakim,f056facdec40febde070aeb5bebc7cecb0339884,branch_cyi,1,1,6,Tuesday,1,0,Night,75.0,4.995370936406326,pipe-qakim-INC,0.8405830028381163,6,2612,525,1,0.75,P2 - High,Software,High,2024-06-25 06:13:40+00:00
pipe-nhzlo,build_and_test,unknown,2024-08-19 15:39:55+00:00,rolled_back,system_automation,pipe-nhzlo,beb0ba286ee6bbde44a8dd697b0f02d56c5debf5,branch_nlo,1,1,15,Monday,0,0,Afternoon,60.0,7.059215306280984,pipe-nhzlo-INC,0.7005079299690832,6,1888,318,1,0.6,P2 - High,Software,High,2024-08-19 15:39:55+00:00
pipe-bdfoy,deploy_to_dev,development,2024-04-16 19:29:43+00:00,rolled_back,user_puh,pipe-bdfoy,2cef0f41f1fab5dcce9cb9fc24edbaa2bc3bcf3a,branch_yeq,1,1,19,Tuesday,1,0,Evening,75.0,1.9732599928592993,pipe-bdfoy-INC,0.9185410696504592,5,1709,131,0,0.75,P2 - High,Software,High,2024-04-16 19:29:43+00:00
pipe-efzlj,build_and_test,development,2024-05-14 09:55:26+00:00,stable,user_wqr,pipe-efzlj,b6f62dadbb18c77c720d4eaafdfa8b487e6bd7ea,branch_wcb,0,0,9,Tuesday,0,0,Morning,0.0,,,0.962186203065434,0,1289,74,0,0.0,None,None,None,2024-05-14 09:55:26+00:00
pipe-dhjlp,run_unit_tests,unknown,2024-08-13 23:34:33+00:00,stable,system_automation,pipe-dhjlp,9cb0617c71ab7cddbfffbc2f3d30bafaac9fda6a,branch_sei,0,0,23,Tuesday,1,0,Evening,15.0,,,0.961033538879018,0,416,133,0,0.15,None,None,None,2024-08-13 23:34:33+00:00
pipe-hrino,build_and_test,staging,2024-01-22 07:34:56+00:00,stable,system_automation,pipe-hrino,fab5f2cffcdbe44cdaffaf53efefb344d3c2a769,branch_orx,0,0,7,Monday,1,0,Morning,15.0,,,0.9623546369642746,0,1182,568,0,0.15,None,None,None,2024-01-22 07:34:56+00:00
pipe-swaqr,deploy_to_staging,unknown,2024-02-11 10:51:50+00:00,stable,system_automation,pipe-swaqr,19cdadf9cdca772e3a7a0bcf0d576a1c9bab13ff,branch_xto,0,0,10,Sunday,0,1,Morning,10.0,,,0.9135079792217524,0,1340,316,0,0.1,None,None,None,2024-02-11 10:51:50+00:00
pipe-rvaxw,build_and_test,production,2024-06-19 10:07:20+00:00,stable,user_lgk,pipe-rvaxw,9148cea7942dda8dfe28acc51fbb9e104c13acb0,branch_ybk,0,0,10,Wednesday,0,0,Morning,0.0,,,0.969354046958672,0,2797,232,0,0.0,None,None,None,2024-06-19 10:07:20+00:00
pipe-uwwkj,deploy_to_dev,unknown,2024-11-16 16:49:58+00:00,rolled_back,system_automation,pipe-uwwkj,56b47ba9bcefaf99cc3a96cb2e90a81f2e981bc9,branch_qbf,1,1,16,Saturday,0,1,Afternoon,70.0,0.6045221578115116,pipe-uwwkj-INC,0.8391022188666463,6,956,300,1,0.7,P2 - High,Software,High,2024-11-16 16:49:58+00:00
pipe-drfjj,deploy_to_dev,staging,2024-02-28 20:50:30+00:00,stable,user_nms,pipe-drfjj,ce5ae2f72a6058c34f9240bf85f7ad9e0346db32,branch_cgh,0,0,20,Wednesday,1,0,Evening,15.0,,,0.9682588122216883,0,490,198,0,0.15,None,None,None,2024-02-28 20:50:30+00:00
pipe-wwjcd,deploy_to_dev,unknown,2024-08-09 10:27:16+00:00,stable,user_zqu,pipe-wwjcd,e6c73cc7fe916e17c9eb454c2cbc4dda856aab0a,branch_syo,0,0,10,Friday,0,0,Morning,0.0,,,0.9074070552738707,0,1311,530,0,0.0,None,None,None,2024-08-09 10:27:16+00:00
pipe-ftmwg,deploy_to_staging,unknown,2024-02-04 06:48:48+00:00,stable,user_njy,pipe-ftmwg,67a7c392c9bfac95f69d6dd1105124dac5fa6a6c,branch_fcb,0,0,6,Sunday,1,1,Night,25.0,,,0.9446838842414153,0,2991,599,0,0.25,None,None,None,2024-02-04 06:48:48+00:00
pipe-dmmsh,deploy_to_dev,development,2024-08-16 17:22:00+00:00,stable,system_automation,pipe-dmmsh,ccef9f0aab2d4d50c6aab51daef5ed1e8abd56d7,branch_ujv,0,0,17,Friday,0,0,Afternoon,0.0,,,0.940903513204573,0,1472,105,0,0.0,None,None,None,2024-08-16 17:22:00+00:00
pipe-rtnos,deploy_to_dev,unknown,2024-10-16 15:26:11+00:00,stable,system_automation,pipe-rtnos,7defcdb1a9e4b0c6b1ebbadee91b7b13df17cc3e,branch_wao,0,0,15,Wednesday,0,0,Afternoon,0.0,,,0.90867114836432,0,1168,448,0,0.0,None,None,None,2024-10-16 15:26:11+00:00
pipe-qgfuo,run_unit_tests,development,2024-01-15 07:36:13+00:00,rolled_back,user_jau,pipe-qgfuo,6d2cebee4ef76a69c3edb7a2029d69fcfcbeead1,branch_mal,1,1,7,Monday,1,0,Morning,75.0,5.706968267321648,pipe-qgfuo-INC,0.8451892862484414,6,2017,241,1,0.75,P2 - High,Software,High,2024-01-15 07:36:13+00:00
pipe-uoert,build_and_test,unknown,2024-11-12 01:03:02+00:00,stable,system_automation,pipe-uoert,d4d29007b0a5275aca063fd9357dbfaf6e60dae5,branch_huk,0,0,1,Tuesday,1,0,Night,15.0,,,0.9440962631798037,0,1963,85,0,0.15,None,None,None,2024-11-12 01:03:02+00:00
pipe-twkhq,run_integration_tests,unknown,2024-09-27 03:14:17+00:00,rolled_back,system_automation,pipe-twkhq,e835fd2da55a10865eae6f6cfaebe02be4bf0fe5,branch_hdb,1,1,3,Friday,1,0,Night,75.0,1.998317387450432,pipe-twkhq-INC,0.8040124740069796,5,932,557,1,0.75,P2 - High,Software,High,2024-09-27 03:14:17+00:00
pipe-hbtil,run_unit_tests,unknown,2024-10-01 23:04:13+00:00,stable,system_automation,pipe-hbtil,13f0de2a9af2b9abdfcd041bbd696cc1740a81ee,branch_fqm,0,0,23,Tuesday,1,0,Evening,15.0,,,0.9237062076984663,0,2905,93,0,0.15,None,None,None,2024-10-01 23:04:13+00:00
pipe-tciha,build_and_test,unknown,2024-12-28 02:06:03+00:00,stable,system_automation,pipe-tciha,21392c5b695abad8c3d4527dffa4adf5f2734cb6,branch_jcu,0,0,2,Saturday,1,1,Night,25.0,,,0.9829749910124912,0,1799,171,0,0.25,None,None,None,2024-12-28 02:06:03+00:00
pipe-xrurf,run_integration_tests,unknown,2024-03-08 12:40:28+00:00,stable,system_automation,pipe-xrurf,3d924dc15f7e9dd7dadc269b3b5dfbeb15bcbe8d,branch_sqj,0,0,12,Friday,0,0,Morning,0.0,,,0.9545798285739464,0,219,73,0,0.0,None,None,None,2024-03-08 12:40:28+00:00
pipe-obutp,deploy_to_dev,production,2024-11-20 03:12:05+00:00,stable,system_automation,pipe-obutp,7bef5c74b0aed0daeaaae4e2d09ce42dfeb19f91,branch_iri,0,0,3,Wednesday,1,0,Night,15.0,,,0.9760421685184617,0,1252,314,0,0.15,None,None,None,2024-11-20 03:12:05+00:00
pipe-idczi,build_and_test,unknown,2024-04-18 06:01:19+00:00,stable,user_hko,pipe-idczi,aabcff2df5bc5520f8b66f822b4d71bb9968b883,branch_bon,0,0,6,Thursday,1,0,Night,15.0,,,0.9472555983336857,0,2772,383,0,0.15,None,None,None,2024-04-18 06:01:19+00:00
pipe-ehsld,build_and_test,unknown,2024-09-24 08:48:00+00:00,rolled_back,user_iev,pipe-ehsld,db4f9d223cef5d6b8de7fe83fb3dd580a0c2fb7f,branch_xcd,1,1,8,Tuesday,0,0,Morning,60.0,7.456719132548807,pipe-ehsld-INC,0.7088558227867832,6,1210,233,1,0.6,P2 - High,Software,High,2024-09-24 08:48:00+00:00
pipe-jknoh,run_integration_tests,unknown,2024-09-11 20:01:21+00:00,stable,system_automation,pipe-jknoh,a1f1ac7aca49ac96b1c5cde7e3efcf935d13464b,branch_rpi,0,0,20,Wednesday,1,0,Evening,15.0,,,0.9619719389379641,0,1725,98,0,0.15,None,None,None,2024-09-11 20:01:21+00:00
pipe-jnlet,deploy_to_staging,unknown,2024-11-19 22:15:18+00:00,stable,user_gmz,pipe-jnlet,0fdddeb1aef5bede8ee9dcbc342ba929d9c3bd3b,branch_fqa,0,0,22,Tuesday,1,0,Evening,15.0,,,0.9927970608165824,0,1857,122,0,0.15,None,None,None,2024-11-19 22:15:18+00:00
pipe-qgrrz,run_unit_tests,unknown,2024-10-09 12:08:12+00:00,stable,user_xlz,pipe-qgrrz,ea1d4dcee0cac90abac67ca4794be80afc7ecff1,branch_ycj,0,0,12,Wednesday,0,0,Morning,0.0,,,0.9491812581412911,0,2127,564,0,0.0,None,None,None,2024-10-09 12:08:12+00:00
pipe-bvlhn,build_and_test,unknown,2024-10-29 09:57:26+00:00,stable,system_automation,pipe-bvlhn,b19a410d634cde4510df8be4ccabafbf6b73d3cc,branch_yvq,0,0,9,Tuesday,0,0,Morning,0.0,,,0.9528657538108292,0,2623,495,0,0.0,None,None,None,2024-10-29 09:57:26+00:00
pipe-whcxe,deploy_to_dev,unknown,2024-02-22 13:27:51+00:00,stable,user_gjz,pipe-whcxe,69e568907c2a6496cbe07b3bd6e3eefb2d20cd9c,branch_gls,0,0,13,Thursday,0,0,Afternoon,0.0,,,0.9601996963527529,0,490,565,0,0.0,None,None,None,2024-02-22 13:27:51+00:00
pipe-gvqcj,run_integration_tests,unknown,2024-04-25 18:07:22+00:00,rolled_back,user_fow,pipe-gvqcj,afb82deae0eee4b2ceae71506fbc3eaeba8bced3,branch_lou,1,1,18,Thursday,1,0,Afternoon,75.0,2.6483467016154125,pipe-gvqcj-INC,0.8451990581362533,7,1574,346,1,0.75,P2 - High,Software,High,2024-04-25 18:07:22+00:00
pipe-lamzr,deploy_to_staging,unknown,2024-05-18 07:05:58+00:00,stable,user_ptc,pipe-lamzr,d8fedb5c7b576c2ac311ddf956aba36cf727aace,branch_ujv,0,0,7,Saturday,1,1,Morning,25.0,,,0.9071850335486235,0,1623,354,0,0.25,None,None,None,2024-05-18 07:05:58+00:00
pipe-iiozj,run_integration_tests,unknown,2024-09-14 16:50:57+00:00,stable,user_rys,pipe-iiozj,e1b2ffc8ea0f308ac23ca6dddde678f62ec6bece,branch_izs,0,0,16,Saturday,0,1,Afternoon,10.0,,,0.9515687438521973,0,499,484,0,0.1,None,None,None,2024-09-14 16:50:57+00:00
pipe-xxapy,run_unit_tests,unknown,2024-07-25 08:36:40+00:00,stable,system_automation,pipe-xxapy,1102f6bf2442cc260ceb9435be5a7c9c3c89a43c,branch_hnd,0,0,8,Thursday,0,0,Morning,0.0,,,0.9481591589206043,0,2036,392,0,0.0,None,None,None,2024-07-25 08:36:40+00:00
pipe-zpsyu,deploy_to_staging,unknown,2024-04-20 01:58:36+00:00,stable,user_ypc,pipe-zpsyu,eb95fe2bf8dce9fc32be47b2ae1aed65e1e162c4,branch_dep,0,0,1,Saturday,1,1,Night,25.0,,,0.9921684984237571,0,398,295,0,0.25,None,None,None,2024-04-20 01:58:36+00:00
pipe-mpjwd,deploy_to_dev,unknown,2024-02-25 08:39:14+00:00,rolled_back,user_eay,pipe-mpjwd,1b4aa11ea9d3c0a7009bf5aa9a9397ff3ffe9ed7,branch_ohm,1,1,8,Sunday,0,1,Morning,70.0,1.2942305281306496,pipe-mpjwd-INC,0.788690844906198,2,1395,217,1,0.7,P2 - High,Software,High,2024-02-25 08:39:14+00:00
pipe-akqfp,deploy_to_staging,unknown,2024-03-09 21:08:18+00:00,stable,system_automation,pipe-akqfp,ac6bd335d8fcbc1fccd162dcfdee576d54ccf265,branch_pss,0,0,21,Saturday,1,1,Evening,25.0,,,0.9468320534694331,0,1024,322,0,0.25,None,None,None,2024-03-09 21:08:18+00:00
pipe-fsnyy,run_unit_tests,unknown,2024-09-13 03:39:20+00:00,rolled_back,user_yfe,pipe-fsnyy,adeda7b9cd24f370ad4a01fb9c13faa03ad04a2a,branch_bvy,1,1,3,Friday,1,0,Night,75.0,3.643357394872279,pipe-fsnyy-INC,0.8583521577047402,6,507,94,0,0.75,P2 - High,Software,High,2024-09-13 03:39:20+00:00
pipe-nzgud,deploy_to_dev,production,2024-06-06 18:31:29+00:00,rolled_back,system_automation,pipe-nzgud,f6bf2e0f6e35fef8e53a86d53681fe6af6eccbee,branch_yzu,1,1,18,Thursday,1,0,Afternoon,75.0,7.746739341073863,pipe-nzgud-INC,0.8119655133852979,3,2475,163,1,0.75,P2 - High,Software,High,2024-06-06 18:31:29+00:00
pipe-gwble,build_and_test,unknown,2024-09-05 20:39:15+00:00,stable,system_automation,pipe-gwble,f25b7dcf90c0b65e4f9dadaa5edeb3397d4ec7ce,branch_yks,0,0,20,Thursday,1,0,Evening,15.0,,,0.918088443032209,0,770,458,0,0.15,None,None,None,2024-09-05 20:39:15+00:00
pipe-fvgza,run_integration_tests,unknown,2024-01-16 18:24:05+00:00,stable,system_automation,pipe-fvgza,fddfea99e1fdba75efde0dc0a6ef73f27b658dc6,branch_jlv,0,0,18,Tuesday,1,0,Afternoon,15.0,,,0.9216916122805788,0,802,528,0,0.15,None,None,None,2024-01-16 18:24:05+00:00
pipe-oziki,run_unit_tests,unknown,2024-11-22 15:38:00+00:00,stable,system_automation,pipe-oziki,fdc090f83a8deabcc5cc1cebee5c93ffffe692ab,branch_ifs,0,0,15,Friday,0,0,Afternoon,0.0,,,0.9095187538336974,0,2570,114,0,0.0,None,None,None,2024-11-22 15:38:00+00:00
pipe-nlcox,build_and_test,unknown,2024-03-27 07:11:17+00:00,stable,system_automation,pipe-nlcox,f3bea26c6d125ebba3daadeb8a1dcdddbd6f6130,branch_xon,0,0,7,Wednesday,1,0,Morning,15.0,,,0.9000568129258945,0,2638,112,0,0.15,None,None,None,2024-03-27 07:11:17+00:00
pipe-nmzfe,run_integration_tests,unknown,2024-10-10 02:53:27+00:00,stable,system_automation,pipe-nmzfe,f9bf0aaedeecbbd9630e5b5ac1c825a14a3a1d9b,branch_cts,0,0,2,Thursday,1,0,Night,15.0,,,0.9431945661000483,0,151,106,0,0.15,None,None,None,2024-10-10 02:53:27+00:00
pipe-cxisk,deploy_to_staging,unknown,2024-09-30 16:42:29+00:00,stable,user_cpd,pipe-cxisk,dfb8bcec72dbdfbb4e08f26ec9cbfdd52db7d035,branch_lrs,0,0,16,Monday,0,0,Afternoon,0.0,,,0.9769242581298221,0,869,487,0,0.0,None,None,None,2024-09-30 16:42:29+00:00
pipe-ldebl,deploy_to_staging,unknown,2024-03-09 23:05:33+00:00,stable,user_hbu,pipe-ldebl,1a5f88dccd7a9ecb69a7ef7dab8d91b2c09cd4f9,branch_xec,0,0,23,Saturday,1,1,Evening,25.0,,,0.9733466442799836,0,2141,228,0,0.25,None,None,None,2024-03-09 23:05:33+00:00
pipe-kdgxc,run_unit_tests,unknown,2024-09-23 08:48:38+00:00,stable,system_automation,pipe-kdgxc,a4cbf21b21ca8cabc480bb6ecbeffbcc341bfa1f,branch_nbs,0,0,8,Monday,0,0,Morning,0.0,,,0.903214908780285,0,2345,236,0,0.0,None,None,None,2024-09-23 08:48:38+00:00
pipe-qfljh,deploy_to_dev,unknown,2024-06-13 10:47:28+00:00,stable,user_xnc,pipe-qfljh,085919f36de10550e14fcf3cef419ba4363f9b9d,branch_pdk,0,0,10,Thursday,0,0,Morning,0.0,,,0.9569982903594033,0,2998,66,0,0.0,None,None,None,2024-06-13 10:47:28+00:00
pipe-bvkwc,build_and_test,production,2024-07-22 12:42:40+00:00,stable,user_wry,pipe-bvkwc,8f4d63effb52e2faade694dadd6beee27df836bb,branch_wlk,0,0,12,Monday,0,0,Morning,0.0,,,0.9154283125413476,0,1686,585,0,0.0,None,None,None,2024-07-22 12:42:40+00:00
pipe-qzump,deploy_to_dev,unknown,2024-08-17 01:33:15+00:00,stable,system_automation,pipe-qzump,e8fa6775bd590a8d3fe0ee9f8ea5dcf7f2ac6f38,branch_oas,0,0,1,Saturday,1,1,Night,25.0,,,0.9941076284764697,0,72,294,0,0.25,None,None,None,2024-08-17 01:33:15+00:00
pipe-awxss,run_integration_tests,unknown,2024-02-25 19:09:45+00:00,stable,user_wse,pipe-awxss,ac0847d690e7f7cb3bfbb1cebf826af903f5fbb5,branch_xqw,0,0,19,Sunday,1,1,Evening,25.0,,,0.916736499964418,0,2627,490,0,0.25,None,None,None,2024-02-25 19:09:45+00:00
pipe-hyged,build_and_test,unknown,2024-12-02 22:33:35+00:00,rolled_back,user_kfy,pipe-hyged,7b7616b9c37b48ceafffff2460dcbe3f2fea8ccf,branch_cvr,1,1,22,Monday,1,0,Evening,75.0,7.008042153320083,pipe-hyged-INC,0.7718403053877916,3,525,442,1,0.75,P2 - High,Software,High,2024-12-02 22:33:35+00:00
pipe-daqmy,run_unit_tests,unknown,2024-11-28 07:52:32+00:00,rolled_back,system_automation,pipe-daqmy,4b7b367ff4dbaafbd6bdc9e29c368e752ba16688,branch_csg,1,1,7,Thursday,1,0,Morning,75.0,5.023303680040442,pipe-daqmy-INC,0.7435181663970233,6,406,136,1,0.75,P2 - High,Software,High,2024-11-28 07:52:32+00:00
pipe-uosho,deploy_to_dev,development,2024-01-10 05:59:50+00:00,stable,user_woz,pipe-uosho,9a2ca50f4d54ac6f1a0c489ceedabdffd6c06569,branch_gsa,0,0,5,Wednesday,1,0,Night,15.0,,,0.9641561325964352,0,2038,492,0,0.15,None,None,None,2024-01-10 05:59:50+00:00
pipe-igkvd,deploy_to_staging,unknown,2024-12-21 16:03:09+00:00,stable,system_automation,pipe-igkvd,ceb668df20f04cd6cbb0dfc0bfccfc40c409939d,branch_kty,0,0,16,Saturday,0,1,Afternoon,10.0,,,0.9412258596464075,0,1831,357,0,0.1,None,None,None,2024-12-21 16:03:09+00:00
pipe-jmcgk,deploy_to_staging,unknown,2024-03-29 00:57:15+00:00,stable,system_automation,pipe-jmcgk,c9f5ed7df63aeab7a41e51adab6f8c0ec5dd809f,branch_amn,0,0,0,Friday,1,0,Night,15.0,,,0.9759643052306395,0,226,386,0,0.15,None,None,None,2024-03-29 00:57:15+00:00
pipe-hzisz,deploy_to_dev,unknown,2024-07-01 18:31:53+00:00,stable,system_automation,pipe-hzisz,07ffdeb2e3d12e7e2639065ec53dcf9a1769a6ce,branch_wdq,0,0,18,Monday,1,0,Afternoon,15.0,,,0.9230679125327858,0,549,168,0,0.15,None,None,None,2024-07-01 18:31:53+00:00
pipe-yffmr,deploy_to_dev,development,2024-05-10 14:44:34+00:00,stable,user_cvn,pipe-yffmr,fba9a2edccccdebc6fb45f0e0aeeaea8e8219e94,branch_ayd,0,0,14,Friday,0,0,Afternoon,0.0,,,0.990579185291426,0,1789,517,0,0.0,None,None,None,2024-05-10 14:44:34+00:00
pipe-pnjvi,run_unit_tests,unknown,2024-11-01 05:15:57+00:00,stable,user_qhe,pipe-pnjvi,d0e8ec92b46dd81f2267cd01dfcf76ef22d2ea53,branch_czi,0,0,5,Friday,1,0,Night,15.0,,,0.9500209649313353,0,803,563,0,0.15,None,None,None,2024-11-01 05:15:57+00:00
pipe-jback,run_unit_tests,unknown,2024-07-30 00:44:55+00:00,rolled_back,system_automation,pipe-jback,f67beceeef8a12ae7899eede5b9432fdebb48d2a,branch_zqt,1,1,0,Tuesday,1,0,Night,75.0,2.3587967221351858,pipe-jback-INC,0.7305039891713523,7,2067,279,1,0.75,P2 - High,Software,High,2024-07-30 00:44:55+00:00
pipe-vstuq,deploy_to_dev,unknown,2024-07-30 10:47:25+00:00,stable,system_automation,pipe-vstuq,ebf95eada5abc9ebd3ada8750f531283f48cfc06,branch_obv,0,0,10,Tuesday,0,0,Morning,0.0,,,0.9849730191401227,0,1264,109,0,0.0,None,None,None,2024-07-30 10:47:25+00:00
pipe-icgza,deploy_to_dev,unknown,2024-02-16 00:43:49+00:00,rolled_back,user_byn,pipe-icgza,ebec0dbef352c8d3d162d8daf1efd15de4ffe63f,branch_aid,1,1,0,Friday,1,0,Night,75.0,6.095107101825848,pipe-icgza-INC,0.8484420404168411,7,1785,518,1,0.75,P2 - High,Software,High,2024-02-16 00:43:49+00:00
pipe-gvfox,deploy_to_staging,unknown,2024-04-18 01:29:16+00:00,rolled_back,user_evv,pipe-gvfox,3a1b643cf3ad369d54d7bccf5c4e8b7efea60fb8,branch_qty,1,1,1,Thursday,1,0,Night,75.0,6.624265725679328,pipe-gvfox-INC,0.9002719202407556,7,1451,539,0,0.75,P2 - High,Software,High,2024-04-18 01:29:16+00:00
pipe-puyme,build_and_test,staging,2024-10-12 22:40:36+00:00,stable,system_automation,pipe-puyme,e02bcf8cf0cc631fc30b59509a5f4bcc2f9f619a,branch_qkv,0,0,22,Saturday,1,1,Evening,25.0,,,0.9286892413563455,0,1127,333,0,0.25,None,None,None,2024-10-12 22:40:36+00:00
pipe-utbem,deploy_to_staging,unknown,2024-10-17 22:02:16+00:00,stable,user_weu,pipe-utbem,854e4d3b9bfd121e7f0ead7d55ef6d514dc8cbe8,branch_kdu,0,0,22,Thursday,1,0,Evening,15.0,,,0.9250433086731888,0,1060,372,0,0.15,None,None,None,2024-10-17 22:02:16+00:00
pipe-jogtp,deploy_to_dev,unknown,2024-07-10 17:11:23+00:00,stable,user_smi,pipe-jogtp,f79fd4da78e0e4c32bf20a52ecba00cb7ef73c47,branch_jvy,0,0,17,Wednesday,0,0,Afternoon,0.0,,,0.9262871332159783,0,2106,180,0,0.0,None,None,None,2024-07-10 17:11:23+00:00
pipe-ivuyn,run_integration_tests,unknown,2024-06-14 23:47:19+00:00,stable,user_bog,pipe-ivuyn,fadeca06bb24a55be6c60f6f26dfbe0c55ce065d,branch_qmu,0,0,23,Friday,1,0,Evening,15.0,,,0.9582444741539378,0,1567,96,0,0.15,None,None,None,2024-06-14 23:47:19+00:00
pipe-xsizo,run_integration_tests,unknown,2024-06-02 23:42:21+00:00,stable,system_automation,pipe-xsizo,acf7b16f4bb497b4b9110e1f5c0e040a52e4db56,branch_bks,0,0,23,Sunday,1,1,Evening,25.0,,,0.9993522523145844,0,1803,569,0,0.25,None,None,None,2024-06-02 23:42:21+00:00
pipe-nbsag,build_and_test,unknown,2024-02-22 00:17:22+00:00,stable,system_automation,pipe-nbsag,55f7bfe9dfdcece9c7dbc6a02bdb9cfcb5aa26bd,branch_eog,0,0,0,Thursday,1,0,Night,15.0,,,0.9990278087092754,0,1753,320,0,0.15,None,None,None,2024-02-22 00:17:22+00:00
pipe-gnwzj,run_unit_tests,unknown,2024-02-06 12:34:53+00:00,rolled_back,system_automation,pipe-gnwzj,cada53f3c6fac65a640ebb1efdec72caea2cd08b,branch_txc,1,1,12,Tuesday,0,0,Morning,60.0,1.5790394972835697,pipe-gnwzj-INC,0.837605194521066,5,662,208,1,0.6,P2 - High,Software,High,2024-02-06 12:34:53+00:00
pipe-oroad,build_and_test,unknown,2024-10-24 18:58:09+00:00,stable,system_automation,pipe-oroad,f4cecd8aa4c03ce9e8f80705f6cafbadbbd4d9fe,branch_muj,0,0,18,Thursday,1,0,Afternoon,15.0,,,0.9639027210264673,0,2744,434,0,0.15,None,None,None,2024-10-24 18:58:09+00:00
pipe-qwqfx,build_and_test,unknown,2024-08-28 06:32:51+00:00,stable,system_automation,pipe-qwqfx,dfedc169fade5acddc55e33b33ffaa379f7800dc,branch_ubb,0,0,6,Wednesday,1,0,Night,15.0,,,0.9859970543701606,0,1711,74,0,0.15,None,None,None,2024-08-28 06:32:51+00:00
pipe-mjyrf,run_unit_tests,production,2024-11-17 19:09:33+00:00,stable,user_wjo,pipe-mjyrf,5c65f3bf6121d24df23c2bcc8d4ea56bfabd936c,branch_imz,0,0,19,Sunday,1,1,Evening,25.0,,,0.9932933458453506,0,2168,103,0,0.25,None,None,None,2024-11-17 19:09:33+00:00
pipe-lzewt,run_unit_tests,staging,2024-01-25 01:52:06+00:00,stable,user_kxe,pipe-lzewt,a000a49ea5f629cc0a4ccc7b3c1b67e49ffef3d6,branch_aon,0,0,1,Thursday,1,0,Night,15.0,,,0.9203860627329544,0,2651,191,0,0.15,None,None,None,2024-01-25 01:52:06+00:00
pipe-fkbtr,deploy_to_dev,unknown,2024-01-17 14:00:17+00:00,stable,user_qve,pipe-fkbtr,cf5f79c9e32fe142fdb84bdb8948a23e0d44f8de,branch_ezy,0,0,14,Wednesday,0,0,Afternoon,0.0,,,0.9528541728942453,0,2777,303,0,0.0,None,None,None,2024-01-17 14:00:17+00:00
pipe-echgs,deploy_to_dev,unknown,2024-05-03 19:57:02+00:00,stable,system_automation,pipe-echgs,4e24bb9adebdb2eac87fce0f2620e45d6c6b8dec,branch_iiz,0,0,19,Friday,1,0,Evening,15.0,,,0.9832837054661512,0,2017,258,0,0.15,None,None,None,2024-05-03 19:57:02+00:00
pipe-krfla,deploy_to_dev,unknown,2024-07-17 14:37:12+00:00,stable,user_lzs,pipe-krfla,7db277cbade9cc2fefde2bebf88f39de979bfb2b,branch_tei,0,0,14,Wednesday,0,0,Afternoon,0.0,,,0.9303202076634591,0,2371,161,0,0.0,None,None,None,2024-07-17 14:37:12+00:00
pipe-xteyb,run_integration_tests,unknown,2024-11-23 10:51:42+00:00,rolled_back,system_automation,pipe-xteyb,2e49fdfbad8aafdd698903bded1f1781f8e28a45,branch_jto,1,1,10,Saturday,0,1,Morning,70.0,1.8098110320188951,pipe-xteyb-INC,0.8342500377753141,5,1441,249,1,0.7,P2 - High,Software,High,2024-11-23 10:51:42+00:00
pipe-ztgbd,run_unit_tests,unknown,2024-05-12 14:38:25+00:00,stable,user_uwb,pipe-ztgbd,a9ce6abf5e99fe5bb09efeee90878a3fb07caa9c,branch_wwj,0,0,14,Sunday,0,1,Afternoon,10.0,,,0.9985621101512008,0,2226,240,0,0.1,None,None,None,2024-05-12 14:38:25+00:00
pipe-ddfsk,build_and_test,unknown,2024-12-18 02:43:11+00:00,stable,system_automation,pipe-ddfsk,f3a9abfae3e77f0d0a0dcfbcfbd220f0e913eebc,branch_ynb,0,0,2,Wednesday,1,0,Night,15.0,,,0.9985046696720871,0,998,343,0,0.15,None,None,None,2024-12-18 02:43:11+00:00
pipe-ilchp,deploy_to_dev,unknown,2024-12-01 18:15:21+00:00,stable,system_automation,pipe-ilchp,116d53bae8dcf30ebdeb2d9071ae27ad185f3499,branch_swi,0,0,18,Sunday,1,1,Afternoon,25.0,,,0.9906106810765182,0,2149,363,0,0.25,None,None,None,2024-12-01 18:15:21+00:00
pipe-uenbh,run_unit_tests,staging,2024-07-22 15:32:47+00:00,stable,system_automation,pipe-uenbh,e09c80c6ddd7fabdfdddcaed15d9aa11a7a9a2e1,branch_ucf,0,0,15,Monday,0,0,Afternoon,0.0,,,0.9798448344828058,0,303,536,0,0.0,None,None,None,2024-07-22 15:32:47+00:00
pipe-rrbnc,deploy_to_dev,unknown,2024-04-17 22:45:08+00:00,stable,user_awx,pipe-rrbnc,eba39b5f7d8cbe9b9b3ee1b0fe6e27ecb60afb2b,branch_tnr,0,0,22,Wednesday,1,0,Evening,15.0,,,0.9269130500722806,0,2747,495,0,0.15,None,None,None,2024-04-17 22:45:08+00:00
pipe-rgtit,run_integration_tests,staging,2024-06-11 16:10:10+00:00,stable,system_automation,pipe-rgtit,9f8789a42bef5ccecfa46d45fb2aef5d6adbd8fc,branch_hfk,0,0,16,Tuesday,0,0,Afternoon,0.0,,,0.9320850074067187,0,771,217,0,0.0,None,None,None,2024-06-11 16:10:10+00:00
pipe-uqmer,deploy_to_staging,unknown,2024-07-23 18:28:18+00:00,stable,user_iij,pipe-uqmer,0ca753baadbe5f55e8e9fcbf0aca08e3c318a4b3,branch_bhh,0,0,18,Tuesday,1,0,Afternoon,15.0,,,0.9547282841204875,0,1986,547,0,0.15,None,None,None,2024-07-23 18:28:18+00:00
pipe-fzefn,build_and_test,unknown,2024-02-24 20:10:41+00:00,rolled_back,system_automation,pipe-fzefn,2cfc7febcdae18f270be8c67db5cebddd1ee9ec0,branch_ubn,1,1,20,Saturday,1,1,Evening,85.0,6.883487201166545,pipe-fzefn-INC,0.7735044787309262,4,83,341,1,0.85,P2 - High,Software,High,2024-02-24 20:10:41+00:00
pipe-trrkw,run_unit_tests,unknown,2024-06-09 04:33:42+00:00,rolled_back,user_pkq,pipe-trrkw,2544f441fbceaf9a4308c1bb1c20edbb711affb2,branch_jxh,1,1,4,Sunday,1,1,Night,85.0,0.8260629650959396,pipe-trrkw-INC,0.7537251001684954,3,509,161,1,0.85,P2 - High,Software,High,2024-06-09 04:33:42+00:00
pipe-aejwu,run_unit_tests,staging,2024-01-28 03:23:22+00:00,rolled_back,system_automation,pipe-aejwu,1e880ef2eeeaeea24fc46daa567de9c64fab09b4,branch_oug,1,1,3,Sunday,1,1,Night,85.0,1.8612380719739305,pipe-aejwu-INC,0.900787803756218,4,2960,243,0,0.85,P2 - High,Software,High,2024-01-28 03:23:22+00:00
pipe-gtskt,run_unit_tests,unknown,2024-05-23 05:57:25+00:00,stable,system_automation,pipe-gtskt,622c6fdcd6bb2a3e8bf1107a8ae4eff81ccc0b5d,branch_syi,0,0,5,Thursday,1,0,Night,15.0,,,0.940832302263299,0,2508,460,0,0.15,None,None,None,2024-05-23 05:57:25+00:00
pipe-zbsjf,deploy_to_staging,unknown,2024-07-08 23:29:02+00:00,stable,system_automation,pipe-zbsjf,9b0cfb27996d7173e19e37401c54ebffc4f7acfe,branch_fzu,0,0,23,Monday,1,0,Evening,15.0,,,0.9749174157315533,0,706,503,0,0.15,None,None,None,2024-07-08 23:29:02+00:00
pipe-ozdma,run_unit_tests,unknown,2024-07-01 22:29:29+00:00,stable,system_automation,pipe-ozdma,c9c07e5a51df7187f00376aa780ad86e24d29f92,branch_tlp,0,0,22,Monday,1,0,Evening,15.0,,,0.9333549926478355,0,435,262,0,0.15,None,None,None,2024-07-01 22:29:29+00:00
pipe-nyhmd,deploy_to_staging,unknown,2024-02-27 18:10:30+00:00,stable,user_eyi,pipe-nyhmd,e1fed3fdf65bdfe3abaa39a62e78e1298a84ee8b,branch_pcc,0,0,18,Tuesday,1,0,Afternoon,15.0,,,0.9330676996946353,0,2453,145,0,0.15,None,None,None,2024-02-27 18:10:30+00:00
pipe-ohjdl,deploy_to_dev,unknown,2024-06-23 03:02:32+00:00,stable,system_automation,pipe-ohjdl,aaf14a82d59b9abf2b926eedca0d35e0c9eebbd0,branch_zde,0,0,3,Sunday,1,1,Night,25.0,,,0.9127225961891828,0,2970,163,0,0.25,None,None,None,2024-06-23 03:02:32+00:00
pipe-dzzvj,run_unit_tests,unknown,2024-02-22 10:44:00+00:00,rolled_back,user_zan,pipe-dzzvj,4baf1e3ad7bfec01c5d5fe64c3979ba23ab6d1b0,branch_rrn,1,1,10,Thursday,0,0,Morning,60.0,3.302106038446787,pipe-dzzvj-INC,0.867769820231781,2,547,115,0,0.6,P2 - High,Software,High,2024-02-22 10:44:00+00:00
pipe-flqdt,deploy_to_dev,unknown,2024-07-02 11:10:30+00:00,stable,system_automation,pipe-flqdt,a8e8bcf3ec6ce61eedeffaeb5e8ed3d538e34ef2,branch_xda,0,0,11,Tuesday,0,0,Morning,0.0,,,0.9850520878921357,0,2008,437,0,0.0,None,None,None,2024-07-02 11:10:30+00:00
pipe-mogid,deploy_to_staging,unknown,2024-03-05 11:34:55+00:00,stable,system_automation,pipe-mogid,5faaf0e8ecc5d483da59bdb3875ca5bbcc3d2c37,branch_yoh,0,0,11,Tuesday,0,0,Morning,0.0,,,0.9446282338580442,0,886,331,0,0.0,None,None,None,2024-03-05 11:34:55+00:00
pipe-rkwft,deploy_to_staging,unknown,2024-02-17 02:48:47+00:00,stable,user_yif,pipe-rkwft,d9129cca5d77517be80f2e44dfa7607bae5ed4fc,branch_ptp,0,0,2,Saturday,1,1,Night,25.0,,,0.9227867786552834,0,2245,303,0,0.25,None,None,None,2024-02-17 02:48:47+00:00
pipe-etyke,deploy_to_staging,unknown,2024-03-30 20:17:30+00:00,stable,system_automation,pipe-etyke,81a7c004baddc9e9b46f2d6721e37afeffa8cb5c,branch_qty,0,0,20,Saturday,1,1,Evening,25.0,,,0.9759341100022387,0,1283,422,0,0.25,None,None,None,2024-03-30 20:17:30+00:00
pipe-rkfte,run_unit_tests,unknown,2024-05-14 00:48:34+00:00,stable,user_ndl,pipe-rkfte,bbdddeabf4ab9afdf3d7ffccc5badb02ec83a29a,branch_rfz,0,0,0,Tuesday,1,0,Night,15.0,,,0.9553981125816859,0,419,507,0,0.15,None,None,None,2024-05-14 00:48:34+00:00
pipe-hhcif,run_integration_tests,unknown,2024-03-15 15:20:16+00:00,stable,system_automation,pipe-hhcif,e1b0e8ef2fff14812e2563edc0fced1e3b3e85ff,branch_mux,0,0,15,Friday,0,0,Afternoon,0.0,,,0.9021156011423294,0,1006,489,0,0.0,None,None,None,2024-03-15 15:20:16+00:00
pipe-tkumz,run_integration_tests,development,2024-05-01 11:38:17+00:00,rolled_back,user_yjs,pipe-tkumz,88cedacab41d7c7c48b23d44289dd8c5bcbd9d56,branch_oqk,1,1,11,Wednesday,0,0,Morning,60.0,6.826812136983146,pipe-tkumz-INC,0.8289115023011321,4,1638,134,1,0.6,P2 - High,Software,High,2024-05-01 11:38:17+00:00
pipe-adzup,deploy_to_dev,unknown,2024-12-11 19:51:39+00:00,stable,system_automation,pipe-adzup,aac933fb755bcbf4fb3ecfae08ac23b7d570cfdf,branch_mrs,0,0,19,Wednesday,1,0,Evening,15.0,,,0.9177001411121342,0,2405,378,0,0.15,None,None,None,2024-12-11 19:51:39+00:00
pipe-pjyqa,run_integration_tests,production,2024-07-02 12:36:39+00:00,stable,user_axq,pipe-pjyqa,63d1a3f7f33c1ff037d7fb9eeeaeedb1cc5b32b1,branch_eav,0,0,12,Tuesday,0,0,Morning,0.0,,,0.965587286098284,0,112,536,0,0.0,None,None,None,2024-07-02 12:36:39+00:00
pipe-zpisz,build_and_test,unknown,2024-06-08 01:20:40+00:00,rolled_back,system_automation,pipe-zpisz,12d2339bada17355cc25eef5aa5da58c030acaba,branch_kmj,1,1,1,Saturday,1,1,Night,85.0,6.515194102051952,pipe-zpisz-INC,0.8795323236856228,3,2875,477,0,0.85,P2 - High,Software,High,2024-06-08 01:20:40+00:00
pipe-aqhdv,deploy_to_staging,unknown,2024-09-17 17:19:07+00:00,rolled_back,user_kfy,pipe-aqhdv,8a6d5e55d55af62acbcd1228ab8db1b37b233ea8,branch_swo,1,1,17,Tuesday,0,0,Afternoon,60.0,6.346081555784967,pipe-aqhdv-INC,0.8893253822447628,7,1966,237,0,0.6,P2 - High,Software,High,2024-09-17 17:19:07+00:00
pipe-tclhw,run_unit_tests,unknown,2024-09-21 01:06:24+00:00,rolled_back,user_lri,pipe-tclhw,61b5caa564251f5a0fe002cec7adbb602ebf1bcb,branch_dqi,1,1,1,Saturday,1,1,Night,85.0,5.318624569966607,pipe-tclhw-INC,0.7368938943291118,3,2632,272,1,0.85,P2 - High,Software,High,2024-09-21 01:06:24+00:00
pipe-wnaee,run_integration_tests,unknown,2024-02-12 20:41:29+00:00,stable,user_dax,pipe-wnaee,c167e3c9d939db1ef0eb9b17842caa4fab3c75cf,branch_ksy,0,0,20,Monday,1,0,Evening,15.0,,,0.9581727297958715,0,2793,540,0,0.15,None,None,None,2024-02-12 20:41:29+00:00
pipe-ysfos,deploy_to_dev,unknown,2024-02-25 21:34:06+00:00,stable,user_ivg,pipe-ysfos,2c7b4afc58caae67d3ddee40becedffdd299f2fe,branch_flm,0,0,21,Sunday,1,1,Evening,25.0,,,0.9021723455704089,0,503,77,0,0.25,None,None,None,2024-02-25 21:34:06+00:00
pipe-kykdv,build_and_test,unknown,2024-01-25 11:32:18+00:00,stable,system_automation,pipe-kykdv,de8ea9a0efd9ea6bdc35eefcc79e05a6cdfc96ab,branch_rxl,0,0,11,Thursday,0,0,Morning,0.0,,,0.9848792113136089,0,326,343,0,0.0,None,None,None,2024-01-25 11:32:18+00:00
pipe-bbzle,deploy_to_staging,production,2024-02-14 03:33:33+00:00,stable,user_dns,pipe-bbzle,a0d7bfde2452bf3ff5c7eaddadb39e7bbc55217f,branch_equ,0,0,3,Wednesday,1,0,Night,15.0,,,0.9155397119257276,0,2341,122,0,0.15,None,None,None,2024-02-14 03:33:33+00:00
pipe-bfrwo,run_integration_tests,staging,2024-10-06 02:12:15+00:00,stable,user_mvc,pipe-bfrwo,26140bc3deb8ebe70125b2e2fdd7fdc6ad58d9d7,branch_smg,0,0,2,Sunday,1,1,Night,25.0,,,0.960656633519543,0,604,543,0,0.25,None,None,None,2024-10-06 02:12:15+00:00
pipe-wfawl,deploy_to_dev,unknown,2024-04-09 03:40:23+00:00,stable,system_automation,pipe-wfawl,5afe3fcecd49f560014efddf56ad46c8dae18a9a,branch_zgw,0,0,3,Tuesday,1,0,Night,15.0,,,0.9444688028010746,0,486,80,0,0.15,None,None,None,2024-04-09 03:40:23+00:00
pipe-tblbo,deploy_to_dev,unknown,2024-12-24 10:37:02+00:00,stable,user_iew,pipe-tblbo,e265afd120620cf9b7ef2d9ae549dbbcca1edc46,branch_oqh,0,0,10,Tuesday,0,0,Morning,0.0,,,0.9442851521231903,0,1432,72,0,0.0,None,None,None,2024-12-24 10:37:02+00:00
pipe-hirxa,run_unit_tests,unknown,2024-01-17 16:40:33+00:00,stable,user_crb,pipe-hirxa,d57d028b02eb1b0aeaeac5aa6cb44cad141cc1cd,branch_irz,0,0,16,Wednesday,0,0,Afternoon,0.0,,,0.9071797142360046,0,2744,237,0,0.0,None,None,None,2024-01-17 16:40:33+00:00
pipe-gdvbk,deploy_to_staging,unknown,2024-09-20 22:05:58+00:00,stable,user_mxn,pipe-gdvbk,f8aca0905fd5807fd2afaedc40adcbbbbcaebdbb,branch_lbn,0,0,22,Friday,1,0,Evening,15.0,,,0.9802752250212216,0,2397,168,0,0.15,None,None,None,2024-09-20 22:05:58+00:00
pipe-drzhe,deploy_to_staging,development,2024-07-17 22:01:38+00:00,stable,system_automation,pipe-drzhe,bbd3ec087974cefcbe4a9b6e9c8e1ef1d2bfe4fe,branch_cyv,0,0,22,Wednesday,1,0,Evening,15.0,,,0.9893052484753253,0,1577,327,0,0.15,None,None,None,2024-07-17 22:01:38+00:00
pipe-bctpx,run_unit_tests,unknown,2024-07-24 19:30:21+00:00,stable,user_jff,pipe-bctpx,bcf6e5ca7839ef0545edb4ed52341abbe5aba82f,branch_rug,0,0,19,Wednesday,1,0,Evening,15.0,,,0.9011016667384228,0,629,221,0,0.15,None,None,None,2024-07-24 19:30:21+00:00
pipe-aiqzq,deploy_to_dev,unknown,2024-01-07 16:13:33+00:00,stable,user_lsn,pipe-aiqzq,50fa52b7bf69dcfcc2e5343a8af3bcfac9c0cf13,branch_rmw,0,0,16,Sunday,0,1,Afternoon,10.0,,,0.9178604175697118,0,1042,252,0,0.1,None,None,None,2024-01-07 16:13:33+00:00
pipe-omkjt,run_integration_tests,unknown,2024-12-17 07:46:47+00:00,rolled_back,user_uol,pipe-omkjt,7c0c1366c57eedb0ebcca8117a59dfbc93aa73b6,branch_qom,1,1,7,Tuesday,1,0,Morning,75.0,2.2442745539665525,pipe-omkjt-INC,0.8363270757133695,7,2081,365,1,0.75,P2 - High,Software,High,2024-12-17 07:46:47+00:00
pipe-ncamq,run_integration_tests,unknown,2024-12-06 11:26:49+00:00,stable,user_qpb,pipe-ncamq,3b32f4df8c26cbd0884a4a14b2cda57dca5300cb,branch_pyn,0,0,11,Friday,0,0,Morning,0.0,,,0.9549493612800058,0,513,362,0,0.0,None,None,None,2024-12-06 11:26:49+00:00
pipe-gmlrt,deploy_to_staging,development,2024-07-13 21:39:35+00:00,stable,system_automation,pipe-gmlrt,b6f3f52fd42f7ccd7a22e3baaa3dad18cc3a89ea,branch_oju,0,0,21,Saturday,1,1,Evening,25.0,,,0.915003957824821,0,1596,564,0,0.25,None,None,None,2024-07-13 21:39:35+00:00
pipe-fgmdm,deploy_to_dev,unknown,2024-05-19 09:12:34+00:00,rolled_back,system_automation,pipe-fgmdm,82ddbccf88ba24a0fdd957acda6acafdaea80f41,branch_xvq,1,1,9,Sunday,0,1,Morning,70.0,2.9562167330940907,pipe-fgmdm-INC,0.7153209400501068,2,84,319,1,0.7,P2 - High,Software,High,2024-05-19 09:12:34+00:00
pipe-khqes,run_unit_tests,unknown,2024-04-05 14:19:50+00:00,stable,user_ear,pipe-khqes,0bbac40aad801cdb6de2e30819bdccdc43b56b5c,branch_dxr,0,0,14,Friday,0,0,Afternoon,0.0,,,0.9659986244237114,0,1009,364,0,0.0,None,None,None,2024-04-05 14:19:50+00:00
pipe-rqscx,build_and_test,development,2024-04-21 12:25:11+00:00,stable,system_automation,pipe-rqscx,97aae7bd31666025a42f96bfcb9fb292ffb1810f,branch_lwi,0,0,12,Sunday,0,1,Morning,10.0,,,0.9724816822246873,0,781,426,0,0.1,None,None,None,2024-04-21 12:25:11+00:00
pipe-xdqqq,run_unit_tests,unknown,2024-09-27 10:25:26+00:00,stable,user_gmq,pipe-xdqqq,d2c36531d7ea7abbf7eb899110d21869bfc2639b,branch_lln,0,0,10,Friday,0,0,Morning,0.0,,,0.9599426808579935,0,2059,154,0,0.0,None,None,None,2024-09-27 10:25:26+00:00
pipe-ytynx,run_integration_tests,unknown,2024-05-05 03:28:39+00:00,stable,system_automation,pipe-ytynx,24e0f26e55fb9c6ebdf8fcdd29d7c3fece7cbaa0,branch_brr,0,0,3,Sunday,1,1,Night,25.0,,,0.9953148379912525,0,2746,420,0,0.25,None,None,None,2024-05-05 03:28:39+00:00
pipe-oazhv,build_and_test,unknown,2024-12-16 06:26:38+00:00,stable,system_automation,pipe-oazhv,8bc4d4dfef80e0b5a18b7c063eeb34bdfcc481bf,branch_rno,0,0,6,Monday,1,0,Night,15.0,,,0.9494063603661778,0,482,525,0,0.15,None,None,None,2024-12-16 06:26:38+00:00
pipe-jxsne,build_and_test,unknown,2024-03-27 18:25:19+00:00,stable,user_fdx,pipe-jxsne,1efc1dce36decbaddd90d57e80eff7dbbb94df42,branch_idx,0,0,18,Wednesday,1,0,Afternoon,15.0,,,0.9300271912142527,0,2401,231,0,0.15,None,None,None,2024-03-27 18:25:19+00:00
pipe-ygmmy,deploy_to_staging,unknown,2024-06-06 22:35:10+00:00,stable,user_zyy,pipe-ygmmy,ab8d17b6e1bc144f62b18ad9c4bb0820b78f246a,branch_csc,0,0,22,Thursday,1,0,Evening,15.0,,,0.9477232909975797,0,1984,156,0,0.15,None,None,None,2024-06-06 22:35:10+00:00
pipe-yyebz,run_unit_tests,unknown,2024-03-14 10:51:07+00:00,stable,user_bse,pipe-yyebz,eff4ab79c7781135bd3f688ff4fb4d3f54a9ba40,branch_rve,0,0,10,Thursday,0,0,Morning,0.0,,,0.9359666293666611,0,2910,246,0,0.0,None,None,None,2024-03-14 10:51:07+00:00
pipe-xkyez,deploy_to_dev,unknown,2024-02-11 07:57:40+00:00,stable,system_automation,pipe-xkyez,f09af9ee7660fea6add2486166e0af66b6a85f7c,branch_xsy,0,0,7,Sunday,1,1,Morning,25.0,,,0.9224415892674687,0,2738,208,0,0.25,None,None,None,2024-02-11 07:57:40+00:00
pipe-zujsv,deploy_to_dev,unknown,2024-12-17 00:57:00+00:00,stable,system_automation,pipe-zujsv,fcf06c3389eafab18f97792fd03caa7acffcbfa6,branch_uev,0,0,0,Tuesday,1,0,Night,15.0,,,0.904596324934014,0,347,375,0,0.15,None,None,None,2024-12-17 00:57:00+00:00
pipe-bdxal,deploy_to_dev,unknown,2024-10-10 13:41:54+00:00,rolled_back,system_automation,pipe-bdxal,a0bf8cb73ee1edc0b5a0eeda5bda55b9d484ec4e,branch_xib,1,1,13,Thursday,0,0,Afternoon,60.0,6.532938709603081,pipe-bdxal-INC,0.8101685527976612,2,2242,526,1,0.6,P2 - High,Software,High,2024-10-10 13:41:54+00:00
pipe-mrbar,deploy_to_dev,production,2024-07-04 23:01:48+00:00,stable,user_qea,pipe-mrbar,d11b7136f0eacf6b42690ea6c325e3fcbcbcf2f1,branch_ylz,0,0,23,Thursday,1,0,Evening,15.0,,,0.9711409347709743,0,1796,382,0,0.15,None,None,None,2024-07-04 23:01:48+00:00
pipe-vazqa,deploy_to_dev,unknown,2024-10-08 21:07:31+00:00,stable,user_afi,pipe-vazqa,53b3e2feaadbab1113ba54daf91c8bfe6bdd8b02,branch_yer,0,0,21,Tuesday,1,0,Evening,15.0,,,0.9018437802875194,0,383,127,0,0.15,None,None,None,2024-10-08 21:07:31+00:00
pipe-wdbdc,deploy_to_staging,unknown,2024-09-10 23:23:03+00:00,stable,system_automation,pipe-wdbdc,cee0dbd8bf96e430e0db629b382caa9c1f9638aa,branch_dxi,0,0,23,Tuesday,1,0,Evening,15.0,,,0.9439178513205935,0,808,229,0,0.15,None,None,None,2024-09-10 23:23:03+00:00
pipe-dziyd,run_unit_tests,unknown,2024-10-05 11:58:09+00:00,stable,user_czi,pipe-dziyd,9efef63c49be174ce2bc7bfe4217bd82ccc6db88,branch_vdt,0,0,11,Saturday,0,1,Morning,10.0,,,0.9644009401449869,0,2784,432,0,0.1,None,None,None,2024-10-05 11:58:09+00:00
pipe-ajdtu,run_unit_tests,unknown,2024-07-25 05:51:47+00:00,stable,user_xsl,pipe-ajdtu,f53c47f086e1ff4d02ba9a1315dbccbb0a2f0209,branch_src,0,0,5,Thursday,1,0,Night,15.0,,,0.9610404109174308,0,1651,238,0,0.15,None,None,None,2024-07-25 05:51:47+00:00
pipe-zgxib,run_integration_tests,unknown,2024-08-21 07:27:44+00:00,stable,user_hag,pipe-zgxib,b39a7f605acaeba83588292abf3a4eef9eddd67d,branch_uag,0,0,7,Wednesday,1,0,Morning,15.0,,,0.9776648435888716,0,1048,376,0,0.15,None,None,None,2024-08-21 07:27:44+00:00
pipe-muasr,run_integration_tests,unknown,2024-01-21 16:59:45+00:00,stable,user_hrv,pipe-muasr,5d42b1cba62cf3b0077dce6ceaabb16e022b0523,branch_cvx,0,0,16,Sunday,0,1,Afternoon,10.0,,,0.9810519715659798,0,995,434,0,0.1,None,None,None,2024-01-21 16:59:45+00:00
pipe-xgjhc,run_unit_tests,unknown,2024-08-08 09:28:17+00:00,stable,system_automation,pipe-xgjhc,665fffdfae81eeb59fedb308a3afdbc5a816cae6,branch_jhr,0,0,9,Thursday,0,0,Morning,0.0,,,0.9711705820919387,0,2521,237,0,0.0,None,None,None,2024-08-08 09:28:17+00:00
pipe-zbbks,run_unit_tests,unknown,2024-04-11 02:24:07+00:00,rolled_back,user_pee,pipe-zbbks,f8b48cf229e33dda762fdac3fa2c4dd0c2a3bafb,branch_lmb,1,1,2,Thursday,1,0,Night,75.0,5.107848054064398,pipe-zbbks-INC,0.7700318052783844,1,886,409,1,0.75,P2 - High,Software,High,2024-04-11 02:24:07+00:00
pipe-wbicd,deploy_to_dev,unknown,2024-12-07 10:22:29+00:00,stable,system_automation,pipe-wbicd,206a49e1feeeeda98fc6eefd00cecf0ca3a1f3fc,branch_hoc,0,0,10,Saturday,0,1,Morning,10.0,,,0.9475022444004361,0,518,274,0,0.1,None,None,None,2024-12-07 10:22:29+00:00
pipe-hlkyb,deploy_to_staging,unknown,2024-07-12 09:39:13+00:00,stable,user_yxs,pipe-hlkyb,ac0d7eeadcce3ddfabc616ee2edc0e8b619fdd3e,branch_lxs,0,0,9,Friday,0,0,Morning,0.0,,,0.9603405957487609,0,1742,132,0,0.0,None,None,None,2024-07-12 09:39:13+00:00
pipe-ddtut,run_integration_tests,unknown,2024-01-11 19:29:33+00:00,stable,user_gla,pipe-ddtut,4574df34b2722b7abd4dddcef3bd71bf6b41e3aa,branch_btb,0,0,19,Thursday,1,0,Evening,15.0,,,0.9245566038809452,0,2977,260,0,0.15,None,None,None,2024-01-11 19:29:33+00:00
pipe-jebcc,deploy_to_staging,unknown,2024-03-12 09:38:56+00:00,stable,system_automation,pipe-jebcc,0d7550f9d791deb9fe99f9d5cf66ef554ef0fd66,branch_gpg,0,0,9,Tuesday,0,0,Morning,0.0,,,0.9042551817646777,0,590,298,0,0.0,None,None,None,2024-03-12 09:38:56+00:00
pipe-lrltq,run_unit_tests,unknown,2024-02-07 22:39:46+00:00,rolled_back,system_automation,pipe-lrltq,d9e8ea2bbccf0e101b5f84c505de062af66b4e7d,branch_hri,1,1,22,Wednesday,1,0,Evening,75.0,1.5305594752835163,pipe-lrltq-INC,0.7777342929150629,3,803,61,1,0.75,P2 - High,Software,High,2024-02-07 22:39:46+00:00
pipe-tvhrj,run_integration_tests,unknown,2024-08-02 15:43:35+00:00,stable,user_qva,pipe-tvhrj,ae4b164bc1c83d2bbcff2ca3dfedeecbd5c55d3a,branch_wyz,0,0,15,Friday,0,0,Afternoon,0.0,,,0.9454894401732639,0,1433,542,0,0.0,None,None,None,2024-08-02 15:43:35+00:00
pipe-pnqtx,run_unit_tests,unknown,2024-04-20 21:08:23+00:00,rolled_back,system_automation,pipe-pnqtx,b9130237abeaedcc6cdf998b2a2cdffffbd24bdb,branch_rbw,1,1,21,Saturday,1,1,Evening,85.0,6.506631320638225,pipe-pnqtx-INC,0.883066416562037,5,639,345,0,0.85,P2 - High,Software,High,2024-04-20 21:08:23+00:00
pipe-fjqhs,run_integration_tests,unknown,2024-07-23 05:07:18+00:00,stable,user_vhh,pipe-fjqhs,bd3e3ccf263fc82f0abed8e79dd2efacef8bef80,branch_hdu,0,0,5,Tuesday,1,0,Night,15.0,,,0.9176666981327162,0,1969,79,0,0.15,None,None,None,2024-07-23 05:07:18+00:00
pipe-xysln,build_and_test,unknown,2024-01-15 13:12:02+00:00,stable,system_automation,pipe-xysln,639d3d92e7f8f1db54db86ef787aa7a3e4d1edbf,branch_vdr,0,0,13,Monday,0,0,Afternoon,0.0,,,0.9824415542683493,0,798,528,0,0.0,None,None,None,2024-01-15 13:12:02+00:00
pipe-xvipd,deploy_to_dev,unknown,2024-03-24 20:39:15+00:00,stable,user_qan,pipe-xvipd,bbdc074568ac9fbd3e8c4169cfb8c7cfb1bf8c9b,branch_efq,0,0,20,Sunday,1,1,Evening,25.0,,,0.9925686668736724,0,428,521,0,0.25,None,None,None,2024-03-24 20:39:15+00:00
pipe-dmdtp,run_integration_tests,unknown,2024-11-14 11:58:45+00:00,stable,system_automation,pipe-dmdtp,7ada9df22395716eeedc412e8cd89aaf3876c0cd,branch_vlo,0,0,11,Thursday,0,0,Morning,0.0,,,0.9201348319052716,0,820,66,0,0.0,None,None,None,2024-11-14 11:58:45+00:00
pipe-okgtu,deploy_to_staging,unknown,2024-10-15 20:07:36+00:00,stable,system_automation,pipe-okgtu,b06596a6fffb42fdffb8d1f4fdcae8604ffead14,branch_vvo,0,0,20,Tuesday,1,0,Evening,15.0,,,0.9929572915567222,0,2795,148,0,0.15,None,None,None,2024-10-15 20:07:36+00:00
pipe-mkyet,run_unit_tests,unknown,2024-09-16 03:04:34+00:00,stable,user_esu,pipe-mkyet,8bdb6c6f85ebf36e8be082e7be6d045e7df618e0,branch_dbk,0,0,3,Monday,1,0,Night,15.0,,,0.9017860959175181,0,2807,256,0,0.15,None,None,None,2024-09-16 03:04:34+00:00
pipe-pjeqy,deploy_to_dev,development,2024-01-09 20:59:00+00:00,stable,system_automation,pipe-pjeqy,f5bce35fcf03dbcb6eacb5be64cbbecaabb738f7,branch_tei,0,0,20,Tuesday,1,0,Evening,15.0,,,0.9924962472706945,0,1541,333,0,0.15,None,None,None,2024-01-09 20:59:00+00:00
pipe-urepe,run_integration_tests,unknown,2024-05-25 02:45:47+00:00,rolled_back,system_automation,pipe-urepe,c62b56357a9ace8b18ac06266cd64889afbd6ac3,branch_gpr,1,1,2,Saturday,1,1,Night,85.0,5.12124275018091,pipe-urepe-INC,0.7316599131372827,2,1231,451,1,0.85,P2 - High,Software,High,2024-05-25 02:45:47+00:00
pipe-bhgzt,run_integration_tests,unknown,2024-04-22 11:59:05+00:00,rolled_back,user_osd,pipe-bhgzt,a24721e58be7ebc3ae90694d6f69b50b2e1ba6f0,branch_qky,1,1,11,Monday,0,0,Morning,60.0,1.784684780695916,pipe-bhgzt-INC,0.8933951315249713,5,2467,289,0,0.6,P2 - High,Software,High,2024-04-22 11:59:05+00:00
pipe-mjnuc,deploy_to_staging,unknown,2024-10-16 10:01:30+00:00,stable,system_automation,pipe-mjnuc,350db92c6fa6573d814af3112a20f1aa41686fdd,branch_ksu,0,0,10,Wednesday,0,0,Morning,0.0,,,0.9763019296776748,0,623,390,0,0.0,None,None,None,2024-10-16 10:01:30+00:00
pipe-ulklm,deploy_to_dev,unknown,2024-09-09 20:24:40+00:00,stable,user_kxb,pipe-ulklm,a18c4a51240ab85fedfba58eb3efebbe9ad562ab,branch_qkd,0,0,20,Monday,1,0,Evening,15.0,,,0.9970201572569843,0,1979,65,0,0.15,None,None,None,2024-09-09 20:24:40+00:00
pipe-bfjrp,build_and_test,unknown,2024-06-09 18:40:20+00:00,stable,user_aqm,pipe-bfjrp,b37ffca09dae6600ad5ad4ec6ec8babadcc61b4c,branch_kmq,0,0,18,Sunday,1,1,Afternoon,25.0,,,0.9905902218817778,0,2056,415,0,0.25,None,None,None,2024-06-09 18:40:20+00:00
pipe-opccl,deploy_to_dev,unknown,2024-02-04 13:05:35+00:00,stable,user_ubo,pipe-opccl,ae7c5e42bdef083e57557a096bc2ed5df3e1c3d3,branch_aqv,0,0,13,Sunday,0,1,Afternoon,10.0,,,0.9970710161196213,0,2144,554,0,0.1,None,None,None,2024-02-04 13:05:35+00:00
pipe-zcluw,deploy_to_dev,unknown,2024-01-04 17:31:16+00:00,rolled_back,system_automation,pipe-zcluw,e2499f7d9339d8f651247cab4eadaa64e9cb9dde,branch_iqf,1,1,17,Thursday,0,0,Afternoon,60.0,6.22942542504941,pipe-zcluw-INC,0.7116175623080242,7,692,344,1,0.6,P2 - High,Software,High,2024-01-04 17:31:16+00:00
pipe-hpxpo,run_integration_tests,unknown,2024-03-31 23:49:38+00:00,stable,system_automation,pipe-hpxpo,ce40aa5a1c0b25571bbdfc8ccda856cf1be32f3d,branch_bew,0,0,23,Sunday,1,1,Evening,25.0,,,0.9078156139885388,0,2162,305,0,0.25,None,None,None,2024-03-31 23:49:38+00:00
pipe-ugbhe,deploy_to_dev,unknown,2024-03-20 00:33:09+00:00,stable,system_automation,pipe-ugbhe,e40be70ce3194b22e9e7b636fc917e4dbf3bcf2c,branch_nmw,0,0,0,Wednesday,1,0,Night,15.0,,,0.9849789197805037,0,1855,220,0,0.15,None,None,None,2024-03-20 00:33:09+00:00
pipe-xiqrt,run_unit_tests,unknown,2024-10-25 02:36:01+00:00,rolled_back,user_oxi,pipe-xiqrt,1d0a5fcd4cc8ef3daaff5b4e5aeccecb755195ae,branch_ltw,1,1,2,Friday,1,0,Night,75.0,4.996950811419592,pipe-xiqrt-INC,0.8704172538842906,7,2631,575,0,0.75,P2 - High,Software,High,2024-10-25 02:36:01+00:00
pipe-phphh,deploy_to_dev,unknown,2024-11-02 20:08:51+00:00,stable,system_automation,pipe-phphh,d5a5bdc61b7e8b5e9447020a4fb830a1fddcfecd,branch_igg,0,0,20,Saturday,1,1,Evening,25.0,,,0.9614736744188289,0,564,77,0,0.25,None,None,None,2024-11-02 20:08:51+00:00
pipe-mlcoy,deploy_to_staging,staging,2024-03-03 19:18:59+00:00,rolled_back,user_ndu,pipe-mlcoy,0c1a1dd42da6cedc4bac9fe991b33a5a6ee01420,branch_jbq,1,1,19,Sunday,1,1,Evening,85.0,1.3980019137584212,pipe-mlcoy-INC,0.8434966734224882,1,1860,214,1,0.85,P2 - High,Software,High,2024-03-03 19:18:59+00:00
pipe-uxgdg,deploy_to_dev,production,2024-11-06 20:46:11+00:00,stable,user_gie,pipe-uxgdg,39bd8f7946faedf7e90fc6d5ea96fa28adb5e387,branch_qok,0,0,20,Wednesday,1,0,Evening,15.0,,,0.9571841976521109,0,2497,134,0,0.15,None,None,None,2024-11-06 20:46:11+00:00
pipe-bjudx,deploy_to_staging,unknown,2024-10-23 11:16:33+00:00,rolled_back,user_etv,pipe-bjudx,dac21c7d0bc57bef8dc9d926dbdac77048c81056,branch_xes,1,1,11,Wednesday,0,0,Morning,60.0,1.157817589330763,pipe-bjudx-INC,0.7369601866871316,6,870,527,1,0.6,P2 - High,Software,High,2024-10-23 11:16:33+00:00
pipe-zmphe,run_integration_tests,unknown,2024-10-30 14:13:30+00:00,stable,user_udz,pipe-zmphe,fa97ff135c08b346f5cb6eb8eadfebdc4a4910c3,branch_pyd,0,0,14,Wednesday,0,0,Afternoon,0.0,,,0.973977002656615,0,2244,320,0,0.0,None,None,None,2024-10-30 14:13:30+00:00
pipe-ztvjv,build_and_test,unknown,2024-05-27 09:08:45+00:00,stable,user_vez,pipe-ztvjv,a5cac2a4e1e12ff9f9ba2cbe8bfedc3cd3dbaac4,branch_pbp,0,0,9,Monday,0,0,Morning,0.0,,,0.9075017307351543,0,343,558,0,0.0,None,None,None,2024-05-27 09:08:45+00:00
pipe-qqsqu,run_unit_tests,staging,2024-09-03 15:00:51+00:00,rolled_back,system_automation,pipe-qqsqu,f0eec08ce13940afc96ad3afdfcceeb5decc8214,branch_roh,1,1,15,Tuesday,0,0,Afternoon,60.0,6.307410621063824,pipe-qqsqu-INC,0.8810874141890208,6,2168,419,0,0.6,P2 - High,Software,High,2024-09-03 15:00:51+00:00
pipe-umgew,deploy_to_staging,unknown,2024-04-30 17:23:43+00:00,stable,user_rlv,pipe-umgew,b4b0aa6ef0feec4b08d2ea1ffb6ffbcf1eaaab29,branch_bci,0,0,17,Tuesday,0,0,Afternoon,0.0,,,0.9848978422624854,0,1838,360,0,0.0,None,None,None,2024-04-30 17:23:43+00:00
pipe-udbkv,run_integration_tests,unknown,2024-07-29 10:57:47+00:00,stable,system_automation,pipe-udbkv,cc823ed6ea25ecaf567b95b586bfb0d0e74a8ade,branch_rdo,0,0,10,Monday,0,0,Morning,0.0,,,0.9472468677564488,0,618,339,0,0.0,None,None,None,2024-07-29 10:57:47+00:00
pipe-tstpp,build_and_test,unknown,2024-03-13 23:20:35+00:00,stable,system_automation,pipe-tstpp,3ee9c524a1eebbe51eabcd89f19d97c9106b6fb6,branch_yqp,0,0,23,Wednesday,1,0,Evening,15.0,,,0.9509830366057049,0,245,169,0,0.15,None,None,None,2024-03-13 23:20:35+00:00
pipe-brupi,run_integration_tests,production,2024-05-05 14:36:20+00:00,rolled_back,user_zlu,pipe-brupi,1cc6baa9be09ff3e5d4d709e9f02cd53a791aae9,branch_xjy,1,1,14,Sunday,0,1,Afternoon,70.0,6.218991103029892,pipe-brupi-INC,0.786785933946526,5,2249,363,1,0.7,P2 - High,Software,High,2024-05-05 14:36:20+00:00
pipe-ggakn,run_unit_tests,unknown,2024-06-04 08:49:06+00:00,stable,user_ybd,pipe-ggakn,5ea0f1afbb42ec552bae2f939d9d5fa72bed8387,branch_jck,0,0,8,Tuesday,0,0,Morning,0.0,,,0.9969458583725588,0,761,430,0,0.0,None,None,None,2024-06-04 08:49:06+00:00
pipe-bmqbq,run_unit_tests,unknown,2024-09-10 13:26:33+00:00,stable,system_automation,pipe-bmqbq,f9f65d9effeb61fffefd54360b5b6eba9592a3be,branch_ihr,0,0,13,Tuesday,0,0,Afternoon,0.0,,,0.9733124474559546,0,1517,581,0,0.0,None,None,None,2024-09-10 13:26:33+00:00
pipe-ybguf,run_unit_tests,unknown,2024-09-08 03:46:12+00:00,stable,system_automation,pipe-ybguf,6e66a70efa65b43fd71de7bdec2ee79aa1eef35e,branch_jzk,0,0,3,Sunday,1,1,Night,25.0,,,0.9368988553300345,0,229,356,0,0.25,None,None,None,2024-09-08 03:46:12+00:00
pipe-dgsjk,deploy_to_staging,unknown,2024-05-13 14:49:31+00:00,stable,user_tmu,pipe-dgsjk,50bea36ed7b499cedc7d5db4af21f967896e264d,branch_jpn,0,0,14,Monday,0,0,Afternoon,0.0,,,0.9174807386233005,0,2892,566,0,0.0,None,None,None,2024-05-13 14:49:31+00:00
pipe-ofrbk,deploy_to_staging,unknown,2024-05-11 02:07:14+00:00,stable,user_vqh,pipe-ofrbk,e568dcad77dbdb55e2efdfece6ccca01b3ba9395,branch_quw,0,0,2,Saturday,1,1,Night,25.0,,,0.9219579592202092,0,1669,570,0,0.25,None,None,None,2024-05-11 02:07:14+00:00
pipe-kseff,run_integration_tests,unknown,2024-11-23 01:34:34+00:00,stable,user_pco,pipe-kseff,ad4d8953ea29a21d83c423c1c9b2a6c7f3ea8f4d,branch_evv,0,0,1,Saturday,1,1,Night,25.0,,,0.946392228611005,0,2798,342,0,0.25,None,None,None,2024-11-23 01:34:34+00:00
pipe-kyknm,deploy_to_staging,staging,2024-10-02 19:09:58+00:00,rolled_back,user_svz,pipe-kyknm,ce2da8fecc07ef6dbadbaa4ae595edcead68d2dd,branch_sek,1,1,19,Wednesday,1,0,Evening,75.0,3.7842802789906496,pipe-kyknm-INC,0.7809389548487998,4,522,297,1,0.75,P2 - High,Software,High,2024-10-02 19:09:58+00:00
pipe-vltsq,deploy_to_dev,unknown,2024-02-02 02:17:27+00:00,rolled_back,user_bxj,pipe-vltsq,d62cff1341d1e7bdbd0efad6a4c61a3decb1fa03,branch_owc,1,1,2,Friday,1,0,Night,75.0,3.3748986708305737,pipe-vltsq-INC,0.7482216276252991,1,657,137,1,0.75,P2 - High,Software,High,2024-02-02 02:17:27+00:00
pipe-konub,deploy_to_dev,unknown,2024-08-21 07:44:43+00:00,stable,user_irc,pipe-konub,1729e62b24a3f2dea8dbeacddfdad5d9f45d3335,branch_ipd,0,0,7,Wednesday,1,0,Morning,15.0,,,0.921524374817915,0,1850,204,0,0.15,None,None,None,2024-08-21 07:44:43+00:00
pipe-ruobm,run_unit_tests,unknown,2024-03-15 06:44:22+00:00,stable,system_automation,pipe-ruobm,2c62ba0ca26f250da6b0ffa2c61a8bd0c4ddf9d1,branch_eyw,0,0,6,Friday,1,0,Night,15.0,,,0.9859561133418898,0,1833,534,0,0.15,None,None,None,2024-03-15 06:44:22+00:00
pipe-ngfve,run_unit_tests,unknown,2024-11-07 14:47:06+00:00,stable,system_automation,pipe-ngfve,c756fbdf1fcc8dd45dadadefaaa9954eab8a2c1e,branch_rdu,0,0,14,Thursday,0,0,Afternoon,0.0,,,0.9378200523009681,0,2383,134,0,0.0,None,None,None,2024-11-07 14:47:06+00:00
pipe-boyln,deploy_to_staging,unknown,2024-02-20 11:19:04+00:00,stable,system_automation,pipe-boyln,c1d8ad9a484d6c27abe9f1607531db682988ee1e,branch_ebu,0,0,11,Tuesday,0,0,Morning,0.0,,,0.9851722182752518,0,2787,274,0,0.0,None,None,None,2024-02-20 11:19:04+00:00
pipe-gddnf,deploy_to_dev,unknown,2024-11-08 07:08:58+00:00,stable,system_automation,pipe-gddnf,0afa3daace3a940cd0ee8acda336ecebeb2dbfd4,branch_vmt,0,0,7,Friday,1,0,Morning,15.0,,,0.9241699597981131,0,2474,437,0,0.15,None,None,None,2024-11-08 07:08:58+00:00
pipe-bcvcy,deploy_to_staging,unknown,2024-06-26 04:36:46+00:00,stable,user_yhl,pipe-bcvcy,fbd92dc7c412d3ea79b9e7eafd7eda8dfff7af20,branch_qwn,0,0,4,Wednesday,1,0,Night,15.0,,,0.9618660611936318,0,463,189,0,0.15,None,None,None,2024-06-26 04:36:46+00:00
pipe-eorjp,run_integration_tests,unknown,2024-08-29 04:59:49+00:00,stable,user_yvz,pipe-eorjp,d2113ce7ae6e1225aabf0cafce66017f2eedc03d,branch_kmf,0,0,4,Thursday,1,0,Night,15.0,,,0.9926670488081282,0,963,586,0,0.15,None,None,None,2024-08-29 04:59:49+00:00
pipe-ktyxw,deploy_to_dev,unknown,2024-04-30 06:41:20+00:00,stable,system_automation,pipe-ktyxw,28d5eacb21ace3af985ec4a9c89ba50df1d15a7f,branch_zmg,0,0,6,Tuesday,1,0,Night,15.0,,,0.9257894009147795,0,2745,410,0,0.15,None,None,None,2024-04-30 06:41:20+00:00
pipe-okjmm,deploy_to_dev,unknown,2024-08-20 17:12:38+00:00,stable,system_automation,pipe-okjmm,ddf3babbd9a6fcc79c04fd17a37e25f1ce55aade,branch_idz,0,0,17,Tuesday,0,0,Afternoon,0.0,,,0.9692926590585855,0,1669,75,0,0.0,None,None,None,2024-08-20 17:12:38+00:00
pipe-sxuqf,run_integration_tests,unknown,2024-02-23 23:54:20+00:00,rolled_back,system_automation,pipe-sxuqf,a1dcf0dfebedd3dbfc4fff7affbad7dbafbb681a,branch_thz,1,1,23,Friday,1,0,Evening,75.0,1.3885893291278102,pipe-sxuqf-INC,0.7301864767139347,6,2607,193,1,0.75,P2 - High,Software,High,2024-02-23 23:54:20+00:00
pipe-iwyow,run_unit_tests,production,2024-07-12 05:55:32+00:00,stable,user_sra,pipe-iwyow,df4d6cbcf794dd8a5a5dafc291d8acfbd3e29e1b,branch_kjk,0,0,5,Friday,1,0,Night,15.0,,,0.9150598287243004,0,1710,459,0,0.15,None,None,None,2024-07-12 05:55:32+00:00
pipe-xroba,run_unit_tests,staging,2024-06-19 11:59:31+00:00,stable,user_dby,pipe-xroba,6e444528ad5c2f0eae1cf40a537bbf9ffcb5264d,branch_imf,0,0,11,Wednesday,0,0,Morning,0.0,,,0.9088402290700675,0,196,526,0,0.0,None,None,None,2024-06-19 11:59:31+00:00
pipe-eqplq,build_and_test,staging,2024-03-11 11:04:23+00:00,rolled_back,user_xaf,pipe-eqplq,db189e0cfc2f8b478f67ff120eeb07c8bac50dfd,branch_syh,1,1,11,Monday,0,0,Morning,60.0,1.4144125875133444,pipe-eqplq-INC,0.7864419988733563,7,1445,560,1,0.6,P2 - High,Software,High,2024-03-11 11:04:23+00:00
pipe-wkypi,deploy_to_dev,unknown,2024-01-05 22:53:12+00:00,stable,system_automation,pipe-wkypi,32fd2db7c8ab01e2d3a00e87b9bca97859e6d67a,branch_oye,0,0,22,Friday,1,0,Evening,15.0,,,0.933973594774903,0,2482,519,0,0.15,None,None,None,2024-01-05 22:53:12+00:00
pipe-dkbte,run_integration_tests,unknown,2024-11-02 20:44:48+00:00,stable,user_iam,pipe-dkbte,584d09ac1fda18879f2b1dbefa360b807ee68b71,branch_ahi,0,0,20,Saturday,1,1,Evening,25.0,,,0.9071244477366591,0,1982,100,0,0.25,None,None,None,2024-11-02 20:44:48+00:00
pipe-xiexg,deploy_to_dev,staging,2024-04-21 17:43:28+00:00,rolled_back,user_gey,pipe-xiexg,ecb95bbf7b59f9d4d61cb36eb4cbb80ffbaba2b3,branch_vgu,1,1,17,Sunday,0,1,Afternoon,70.0,0.5922701441645213,pipe-xiexg-INC,0.8920289709303193,3,441,454,0,0.7,P2 - High,Software,High,2024-04-21 17:43:28+00:00
pipe-rbqch,run_unit_tests,staging,2024-01-25 03:19:50+00:00,stable,system_automation,pipe-rbqch,6baacde6cbf6cedd78bd03a85e76ba51e2db5fa0,branch_boh,0,0,3,Thursday,1,0,Night,15.0,,,0.9753770679643956,0,669,119,0,0.15,None,None,None,2024-01-25 03:19:50+00:00
pipe-ooajg,deploy_to_staging,unknown,2024-10-19 14:11:24+00:00,stable,user_crh,pipe-ooajg,ca1ccc8db8225aede5f6a453a1cf5a1927ce1b63,branch_uei,0,0,14,Saturday,0,1,Afternoon,10.0,,,0.9285122400415189,0,2570,101,0,0.1,None,None,None,2024-10-19 14:11:24+00:00
pipe-ekozy,run_integration_tests,development,2024-11-26 09:17:36+00:00,rolled_back,system_automation,pipe-ekozy,b1f0cd8ffacb1c4339b35e6a63046bdbdecf5acf,branch_rgh,1,1,9,Tuesday,0,0,Morning,60.0,2.715192690080674,pipe-ekozy-INC,0.844336253400914,7,2938,433,1,0.6,P2 - High,Software,High,2024-11-26 09:17:36+00:00
pipe-cwhdm,deploy_to_dev,unknown,2024-03-18 07:46:40+00:00,stable,user_apv,pipe-cwhdm,bb261cfa4b91baf6598e247cfd2b4727ffbd2da4,branch_veg,0,0,7,Monday,1,0,Morning,15.0,,,0.9845699400646972,0,2271,318,0,0.15,None,None,None,2024-03-18 07:46:40+00:00
pipe-aemha,deploy_to_staging,unknown,2024-08-16 10:46:38+00:00,stable,system_automation,pipe-aemha,5fcbade9f9953192f7bae5ca1d515dc4f9d5ccbf,branch_ryt,0,0,10,Friday,0,0,Morning,0.0,,,0.9520071912261489,0,339,409,0,0.0,None,None,None,2024-08-16 10:46:38+00:00
pipe-qjjzx,deploy_to_dev,unknown,2024-01-15 05:26:36+00:00,stable,system_automation,pipe-qjjzx,6aacdebadd2dd062ab9f5d4bacb5155eecfb2482,branch_dku,0,0,5,Monday,1,0,Night,15.0,,,0.9842731968806472,0,1876,519,0,0.15,None,None,None,2024-01-15 05:26:36+00:00
pipe-kuvqr,deploy_to_dev,unknown,2024-08-08 04:31:16+00:00,stable,system_automation,pipe-kuvqr,8c7f6a942eb9cea668fd501d28dfaf8daa6c326b,branch_zjo,0,0,4,Thursday,1,0,Night,15.0,,,0.944638949214371,0,2496,97,0,0.15,None,None,None,2024-08-08 04:31:16+00:00
pipe-yjagc,deploy_to_dev,unknown,2024-06-12 04:55:07+00:00,stable,user_eqp,pipe-yjagc,dd3ea0cacad3af440cea169adc2a1e92dbb7ca26,branch_ozu,0,0,4,Wednesday,1,0,Night,15.0,,,0.9952975161560104,0,1938,344,0,0.15,None,None,None,2024-06-12 04:55:07+00:00
pipe-ujzrh,build_and_test,unknown,2024-12-10 03:54:12+00:00,stable,system_automation,pipe-ujzrh,e7feab3b0ba5bb561fccbe2f8184cd4a65cbfcc5,branch_ofq,0,0,3,Tuesday,1,0,Night,15.0,,,0.9650794589717737,0,1802,510,0,0.15,None,None,None,2024-12-10 03:54:12+00:00
pipe-vbbls,run_unit_tests,unknown,2024-10-08 17:42:21+00:00,stable,system_automation,pipe-vbbls,efb36fbe1af0cd4ec2cee79ee4d2d3fd6f6fdbce,branch_cdy,0,0,17,Tuesday,0,0,Afternoon,0.0,,,0.911589886531925,0,1428,297,0,0.0,None,None,None,2024-10-08 17:42:21+00:00
pipe-ebtop,build_and_test,development,2024-04-26 07:50:33+00:00,stable,system_automation,pipe-ebtop,bcb6bf16b3f9300dbf9f31a75d0ff560f9bcaac8,branch_cdk,0,0,7,Friday,1,0,Morning,15.0,,,0.98850929882268,0,772,342,0,0.15,None,None,None,2024-04-26 07:50:33+00:00
pipe-npaee,run_integration_tests,unknown,2024-01-27 00:36:40+00:00,rolled_back,system_automation,pipe-npaee,7c51bcc2cdee8ba9dff8cccdd6fe3f6e5c4aafb8,branch_ovs,1,1,0,Saturday,1,1,Night,85.0,2.6293132839802924,pipe-npaee-INC,0.8323428595403235,5,878,328,1,0.85,P2 - High,Software,High,2024-01-27 00:36:40+00:00
pipe-gaygh,deploy_to_dev,unknown,2024-10-08 18:30:34+00:00,stable,user_tjs,pipe-gaygh,cde56d9e42e0bbc3a4a3e962c00f19aabff44baf,branch_sby,0,0,18,Tuesday,1,0,Afternoon,15.0,,,0.9141638967972905,0,2249,549,0,0.15,None,None,None,2024-10-08 18:30:34+00:00
pipe-trbue,deploy_to_staging,unknown,2024-07-21 13:56:39+00:00,stable,system_automation,pipe-trbue,4952f46bc39ce46e9f238abc341aee593e35b688,branch_zqh,0,0,13,Sunday,0,1,Afternoon,10.0,,,0.9152690133841421,0,255,86,0,0.1,None,None,None,2024-07-21 13:56:39+00:00
pipe-vdpsk,deploy_to_dev,unknown,2024-06-07 19:05:03+00:00,stable,system_automation,pipe-vdpsk,b11cbc8bdbbdd4faedd5daa8e4fee9d8e5bdeeab,branch_snj,0,0,19,Friday,1,0,Evening,15.0,,,0.9687533935109872,0,299,534,0,0.15,None,None,None,2024-06-07 19:05:03+00:00
pipe-pnsho,deploy_to_staging,unknown,2024-09-21 17:53:57+00:00,stable,user_omr,pipe-pnsho,99c59285ba83bfc09dd0cd7e852c81d134c0ca2c,branch_zwx,0,0,17,Saturday,0,1,Afternoon,10.0,,,0.904737250672949,0,1220,500,0,0.1,None,None,None,2024-09-21 17:53:57+00:00
pipe-jeoxp,deploy_to_dev,unknown,2024-12-29 08:59:56+00:00,rolled_back,system_automation,pipe-jeoxp,57ca46d28bd476128badf6619aaaedfb78afcb77,branch_hdr,1,1,8,Sunday,0,1,Morning,70.0,5.375937616690978,pipe-jeoxp-INC,0.8818545266247446,2,2334,498,0,0.7,P2 - High,Software,High,2024-12-29 08:59:56+00:00
pipe-nyiih,build_and_test,unknown,2024-03-29 10:22:00+00:00,stable,system_automation,pipe-nyiih,7aba80ba8ffba3cdfb9482f1f39cde3a232f203b,branch_qtl,0,0,10,Friday,0,0,Morning,0.0,,,0.9139787590469868,0,1988,282,0,0.0,None,None,None,2024-03-29 10:22:00+00:00
pipe-evrcv,deploy_to_staging,staging,2024-02-24 05:58:00+00:00,stable,user_afh,pipe-evrcv,16c1fadda1fafdad9d09fe38a2fd93dbabdfdf2b,branch_agm,0,0,5,Saturday,1,1,Night,25.0,,,0.9441077429617284,0,1790,338,0,0.25,None,None,None,2024-02-24 05:58:00+00:00
pipe-llhrk,run_integration_tests,unknown,2024-02-22 00:59:32+00:00,stable,system_automation,pipe-llhrk,69271579e659ccbbf2c44569c2e9fe76fb9d7da5,branch_gyd,0,0,0,Thursday,1,0,Night,15.0,,,0.9414353771994362,0,1625,259,0,0.15,None,None,None,2024-02-22 00:59:32+00:00
pipe-wlamh,run_integration_tests,unknown,2024-06-07 13:37:44+00:00,stable,system_automation,pipe-wlamh,2bfe5c2a8aea8efb6af6975b3643bf3b6a7afd41,branch_rdp,0,0,13,Friday,0,0,Afternoon,0.0,,,0.9521876434688856,0,376,195,0,0.0,None,None,None,2024-06-07 13:37:44+00:00
pipe-wzwca,run_integration_tests,unknown,2024-11-19 18:56:10+00:00,stable,user_dur,pipe-wzwca,2a93cd9ffe787f14392aabba5e40ebbe1da53f9c,branch_ihm,0,0,18,Tuesday,1,0,Afternoon,15.0,,,0.9279636329102531,0,1028,532,0,0.15,None,None,None,2024-11-19 18:56:10+00:00
pipe-raull,deploy_to_dev,unknown,2024-09-18 03:40:04+00:00,stable,user_efj,pipe-raull,0d3c86bd0dec969adfe79fb38fe1d8db863aaa0d,branch_xes,0,0,3,Wednesday,1,0,Night,15.0,,,0.9032043589378177,0,284,333,0,0.15,None,None,None,2024-09-18 03:40:04+00:00
pipe-lelrv,deploy_to_staging,unknown,2024-02-27 02:00:53+00:00,stable,system_automation,pipe-lelrv,b273faaa50d25fe98f70bc047ba080ebf20cd014,branch_rcw,0,0,2,Tuesday,1,0,Night,15.0,,,0.9614386106535185,0,2286,450,0,0.15,None,None,None,2024-02-27 02:00:53+00:00
pipe-ocvyx,build_and_test,unknown,2024-01-26 08:36:01+00:00,rolled_back,user_ezg,pipe-ocvyx,b01d69e9f1eef1febb02ef21dd2efaadb1b9ef42,branch_nil,1,1,8,Friday,0,0,Morning,60.0,7.3297867034816395,pipe-ocvyx-INC,0.7145374264022668,3,2264,114,1,0.6,P2 - High,Software,High,2024-01-26 08:36:01+00:00
pipe-jxwqk,run_integration_tests,staging,2024-06-24 12:08:25+00:00,stable,user_xwx,pipe-jxwqk,c2ed427dff988edf711f062dbaf3cbc1ce5eeda6,branch_fmn,0,0,12,Monday,0,0,Morning,0.0,,,0.9651334998740047,0,811,486,0,0.0,None,None,None,2024-06-24 12:08:25+00:00
pipe-cmgpt,deploy_to_dev,unknown,2024-01-06 03:12:03+00:00,stable,user_pyf,pipe-cmgpt,550269c3dcabd8eb65f5df1de372a2fe631c0e11,branch_tck,0,0,3,Saturday,1,1,Night,25.0,,,0.9108666970804269,0,914,415,0,0.25,None,None,None,2024-01-06 03:12:03+00:00
pipe-pptgo,deploy_to_staging,unknown,2024-10-16 06:14:08+00:00,stable,system_automation,pipe-pptgo,c053c74ca2f1d3b2fd561cebf0b35ff392d50f3e,branch_phg,0,0,6,Wednesday,1,0,Night,15.0,,,0.901377735529405,0,986,598,0,0.15,None,None,None,2024-10-16 06:14:08+00:00
pipe-rcncg,deploy_to_staging,staging,2024-09-29 18:21:41+00:00,stable,user_fwn,pipe-rcncg,e88da1bf8fd1923fcaabd63a1f55c8aac2c912e7,branch_fer,0,0,18,Sunday,1,1,Afternoon,25.0,,,0.9248294247885293,0,2673,132,0,0.25,None,None,None,2024-09-29 18:21:41+00:00
pipe-vabil,deploy_to_dev,unknown,2024-05-15 16:33:09+00:00,stable,user_cps,pipe-vabil,dddcadd79c07a0b44d70c6c745cd37ae86eb5080,branch_tdw,0,0,16,Wednesday,0,0,Afternoon,0.0,,,0.9456547322994052,0,1491,351,0,0.0,None,None,None,2024-05-15 16:33:09+00:00
pipe-owueg,deploy_to_dev,unknown,2024-02-06 00:30:18+00:00,rolled_back,user_rqx,pipe-owueg,dcfd109626240db40e6adedd1b3c19d90d6e87da,branch_eaq,1,1,0,Tuesday,1,0,Night,75.0,6.511113581445614,pipe-owueg-INC,0.8958580716011961,4,2298,336,0,0.75,P2 - High,Software,High,2024-02-06 00:30:18+00:00
pipe-ojhnz,deploy_to_staging,unknown,2024-03-03 02:34:22+00:00,stable,user_scz,pipe-ojhnz,2cf3d62d93bfeccf0eacfec2b0ec474ce782a2cd,branch_gdl,0,0,2,Sunday,1,1,Night,25.0,,,0.9810302555273467,0,1374,350,0,0.25,None,None,None,2024-03-03 02:34:22+00:00
pipe-sjvyk,deploy_to_staging,unknown,2024-05-17 01:57:56+00:00,stable,user_sef,pipe-sjvyk,d8c14c0ec4d8bcbe5acbd2a49ebf2149b8ea806a,branch_mgb,0,0,1,Friday,1,0,Night,15.0,,,0.9377837644192824,0,2109,89,0,0.15,None,None,None,2024-05-17 01:57:56+00:00
pipe-yeolz,build_and_test,unknown,2024-06-20 22:43:18+00:00,rolled_back,user_cxd,pipe-yeolz,e85aedb4fd8e5339f695e7f9e5ee67012ea04ad2,branch_fjl,1,1,22,Thursday,1,0,Evening,75.0,0.9292395511494529,pipe-yeolz-INC,0.9058192276453841,1,1608,315,0,0.75,P2 - High,Software,High,2024-06-20 22:43:18+00:00
pipe-wmbdt,deploy_to_staging,development,2024-11-08 11:28:57+00:00,stable,user_guh,pipe-wmbdt,abcaaf888ab84ef4bd461424f762f0d11fe5ba4e,branch_utw,0,0,11,Friday,0,0,Morning,0.0,,,0.9593515592442192,0,871,221,0,0.0,None,None,None,2024-11-08 11:28:57+00:00
pipe-ubtir,deploy_to_dev,production,2024-08-20 04:29:56+00:00,rolled_back,user_qws,pipe-ubtir,2e96eeff116f9c5e96adf92dfe405c0fa0fa1854,branch_ysg,1,1,4,Tuesday,1,0,Night,75.0,7.458465726292103,pipe-ubtir-INC,0.747339220418318,1,2635,393,1,0.75,P2 - High,Software,High,2024-08-20 04:29:56+00:00
pipe-lllih,deploy_to_dev,unknown,2024-05-07 16:59:04+00:00,stable,user_mep,pipe-lllih,46ea799eebb833d7748557b6d5d3f08bdcbfcb3a,branch_psw,0,0,16,Tuesday,0,0,Afternoon,0.0,,,0.9515133376846189,0,2141,185,0,0.0,None,None,None,2024-05-07 16:59:04+00:00
pipe-lqmnl,run_unit_tests,unknown,2024-01-15 03:39:12+00:00,rolled_back,user_vyj,pipe-lqmnl,60e69933b3ce5a0be2fff01a7bb6da570f3a741e,branch_ntt,1,1,3,Monday,1,0,Night,75.0,5.735905879839779,pipe-lqmnl-INC,0.7430070321080409,3,2319,294,1,0.75,P2 - High,Software,High,2024-01-15 03:39:12+00:00
pipe-fzhky,build_and_test,staging,2024-03-13 09:01:00+00:00,stable,system_automation,pipe-fzhky,8fffbfeddcfdebbccf938d55e0c7dafc2cffdf2d,branch_nnw,0,0,9,Wednesday,0,0,Morning,0.0,,,0.9421280127683255,0,2847,394,0,0.0,None,None,None,2024-03-13 09:01:00+00:00
pipe-ikatf,deploy_to_staging,staging,2024-12-15 13:16:55+00:00,stable,user_ofi,pipe-ikatf,f098f85a1ef6bd612deadfa734d2cac0ee8bdfab,branch_axf,0,0,13,Sunday,0,1,Afternoon,10.0,,,0.910028739849525,0,783,94,0,0.1,None,None,None,2024-12-15 13:16:55+00:00
pipe-xhuhv,build_and_test,unknown,2024-07-13 07:36:58+00:00,stable,system_automation,pipe-xhuhv,2bc64aad4ecef845f799170a2f19d36ddc8a6a33,branch_jgt,0,0,7,Saturday,1,1,Morning,25.0,,,0.9782820565648646,0,320,484,0,0.25,None,None,None,2024-07-13 07:36:58+00:00
pipe-oypjd,run_unit_tests,unknown,2024-12-16 10:18:07+00:00,rolled_back,user_wls,pipe-oypjd,9b70b2cabbe0bef3a3cecba2d6e67ad2a859da3b,branch_mum,1,1,10,Monday,0,0,Morning,60.0,1.436927594792323,pipe-oypjd-INC,0.7455367351209847,4,1767,446,1,0.6,P2 - High,Software,High,2024-12-16 10:18:07+00:00
pipe-crdtv,build_and_test,unknown,2024-03-15 14:07:44+00:00,stable,user_tas,pipe-crdtv,9dad424358d5b17ca44c13bb0a3c234f9484d5fe,branch_bgh,0,0,14,Friday,0,0,Afternoon,0.0,,,0.90222688206296,0,1012,90,0,0.0,None,None,None,2024-03-15 14:07:44+00:00
pipe-ubrhc,build_and_test,unknown,2024-11-30 17:43:46+00:00,stable,user_xdx,pipe-ubrhc,4458a7ba7ece108e4d61b1af6c9ffcbea5b94dd9,branch_xby,0,0,17,Saturday,0,1,Afternoon,10.0,,,0.9601372762811348,0,1335,94,0,0.1,None,None,None,2024-11-30 17:43:46+00:00
pipe-hdkns,build_and_test,unknown,2024-07-24 00:34:33+00:00,stable,user_ltu,pipe-hdkns,2db0f90fd3ebce3238a87f6095b1bde77d3ecfa1,branch_fol,0,0,0,Wednesday,1,0,Night,15.0,,,0.9763844067288359,0,742,519,0,0.15,None,None,None,2024-07-24 00:34:33+00:00
pipe-faaot,run_integration_tests,unknown,2024-08-04 08:52:22+00:00,stable,user_sgb,pipe-faaot,87ae14ce33511dcf2d824fcc2680d56ab05edf64,branch_kbf,0,0,8,Sunday,0,1,Morning,10.0,,,0.9284807588649889,0,1225,212,0,0.1,None,None,None,2024-08-04 08:52:22+00:00
pipe-zenpw,build_and_test,unknown,2024-10-04 14:23:54+00:00,stable,system_automation,pipe-zenpw,05444abec4baafcd2073bf0e4440d6cc9ca4fceb,branch_yub,0,0,14,Friday,0,0,Afternoon,0.0,,,0.9787555584863217,0,1210,524,0,0.0,None,None,None,2024-10-04 14:23:54+00:00
pipe-qvloy,deploy_to_staging,development,2024-01-12 23:14:33+00:00,rolled_back,user_kza,pipe-qvloy,aad6e0df7028b20cdca4d9aacbd7869b4fb8f64f,branch_kuz,1,1,23,Friday,1,0,Evening,75.0,6.009658189513711,pipe-qvloy-INC,0.7793669110340158,7,1084,329,1,0.75,P2 - High,Software,High,2024-01-12 23:14:33+00:00
pipe-tkwsc,run_unit_tests,unknown,2024-02-12 14:32:29+00:00,stable,system_automation,pipe-tkwsc,d48ebdacd9a99ce3b2aef651adcfd4f3fde5fd2f,branch_eem,0,0,14,Monday,0,0,Afternoon,0.0,,,0.992916263227107,0,2239,244,0,0.0,None,None,None,2024-02-12 14:32:29+00:00
pipe-begvx,deploy_to_staging,unknown,2024-06-01 16:45:50+00:00,stable,user_ywy,pipe-begvx,425f8fef7041c51f2255fea7cd12fc9f255deffa,branch_anx,0,0,16,Saturday,0,1,Afternoon,10.0,,,0.9981004811353773,0,1798,207,0,0.1,None,None,None,2024-06-01 16:45:50+00:00
pipe-pulqz,deploy_to_staging,unknown,2024-05-11 20:13:20+00:00,rolled_back,system_automation,pipe-pulqz,e6bdb41a1ce35f78c43f39cedf27c8a959564bcf,branch_bdd,1,1,20,Saturday,1,1,Evening,85.0,5.824285229609779,pipe-pulqz-INC,0.7582575790107475,2,1449,415,1,0.85,P2 - High,Software,High,2024-05-11 20:13:20+00:00
pipe-objxe,run_integration_tests,production,2024-02-21 17:35:11+00:00,stable,system_automation,pipe-objxe,fecc84fef883dcea85f39502cba43bde44100dbb,branch_xdd,0,0,17,Wednesday,0,0,Afternoon,0.0,,,0.9444937761027006,0,382,119,0,0.0,None,None,None,2024-02-21 17:35:11+00:00
pipe-feouv,deploy_to_staging,unknown,2024-09-10 02:19:18+00:00,stable,user_jyx,pipe-feouv,0dddd769a1296d0a9c6ec0b617a2298cbfa62a1c,branch_lzr,0,0,2,Tuesday,1,0,Night,15.0,,,0.9546987787578218,0,1733,277,0,0.15,None,None,None,2024-09-10 02:19:18+00:00
pipe-kkzaj,build_and_test,unknown,2024-05-08 08:31:20+00:00,stable,user_ayf,pipe-kkzaj,c71d3be7c37afa65c9b62a7a84d2ba0bce77b01a,branch_skz,0,0,8,Wednesday,0,0,Morning,0.0,,,0.9146743233207653,0,566,246,0,0.0,None,None,None,2024-05-08 08:31:20+00:00
pipe-kdvxb,deploy_to_dev,unknown,2024-12-18 20:34:05+00:00,stable,user_zug,pipe-kdvxb,f0decfd8bbbbdb38e1f5b17ddbabb42aca9cf5a3,branch_rqt,0,0,20,Wednesday,1,0,Evening,15.0,,,0.9336285830427362,0,976,143,0,0.15,None,None,None,2024-12-18 20:34:05+00:00
pipe-cygxp,run_integration_tests,development,2024-04-19 16:04:30+00:00,rolled_back,system_automation,pipe-cygxp,c59a90088c2d833988a53eb1fe5f63fa56e8bdb4,branch_ctu,1,1,16,Friday,0,0,Afternoon,60.0,0.8176291368512532,pipe-cygxp-INC,0.7219628325788938,2,1273,250,1,0.6,P2 - High,Software,High,2024-04-19 16:04:30+00:00
pipe-jssqd,run_integration_tests,staging,2024-04-12 12:00:54+00:00,stable,system_automation,pipe-jssqd,6cdd0817f6f9ffd0fdc385aae62afbaffe1853cf,branch_ujv,0,0,12,Friday,0,0,Morning,0.0,,,0.9016230456342471,0,466,345,0,0.0,None,None,None,2024-04-12 12:00:54+00:00
pipe-qqrdf,run_integration_tests,unknown,2024-12-04 10:11:30+00:00,stable,user_oqn,pipe-qqrdf,66d55dcae7bbeb514b82dab6b49fec4c7d17e9a1,branch_vhq,0,0,10,Wednesday,0,0,Morning,0.0,,,0.9452507931524384,0,1198,425,0,0.0,None,None,None,2024-12-04 10:11:30+00:00
pipe-cnvvo,deploy_to_dev,unknown,2024-03-15 00:08:57+00:00,stable,system_automation,pipe-cnvvo,dabbd1e4b8f50db71facc5d8ffa3eb0d8cbca5cc,branch_rrd,0,0,0,Friday,1,0,Night,15.0,,,0.9842654621718196,0,837,106,0,0.15,None,None,None,2024-03-15 00:08:57+00:00
pipe-iecxn,run_unit_tests,unknown,2024-12-01 22:29:42+00:00,stable,system_automation,pipe-iecxn,80d598ea3acae1ba6d21262c4cfffaf7d0dcab52,branch_akn,0,0,22,Sunday,1,1,Evening,25.0,,,0.9323901262719289,0,2556,531,0,0.25,None,None,None,2024-12-01 22:29:42+00:00
pipe-wkevp,run_unit_tests,development,2024-11-02 07:46:00+00:00,rolled_back,user_agu,pipe-wkevp,fb75f9b56f99ce579e7c7cdd8d6ef7e260bf9b8c,branch_vat,1,1,7,Saturday,1,1,Morning,85.0,1.8764992166023924,pipe-wkevp-INC,0.8875241099446586,3,2586,534,0,0.85,P2 - High,Software,High,2024-11-02 07:46:00+00:00
pipe-fpaga,run_unit_tests,staging,2024-05-06 10:02:51+00:00,stable,user_hrn,pipe-fpaga,eccd8f0f22bde813ee49fe5b6ade93c3af24d809,branch_vpp,0,0,10,Monday,0,0,Morning,0.0,,,0.997804574578798,0,63,433,0,0.0,None,None,None,2024-05-06 10:02:51+00:00
pipe-zhfnj,run_integration_tests,unknown,2024-09-22 16:08:45+00:00,stable,user_abc,pipe-zhfnj,ad5df2ada87cf2e4a95f51bc79b286ee0513def0,branch_rxr,0,0,16,Sunday,0,1,Afternoon,10.0,,,0.9474876836475704,0,1827,559,0,0.1,None,None,None,2024-09-22 16:08:45+00:00
pipe-rojzq,run_integration_tests,unknown,2024-03-08 06:35:55+00:00,stable,system_automation,pipe-rojzq,7cc83dc9c9e6b4672bd770b3bfa21ea2df9cbd04,branch_mko,0,0,6,Friday,1,0,Night,15.0,,,0.9130921312146499,0,1939,291,0,0.15,None,None,None,2024-03-08 06:35:55+00:00
pipe-zssax,run_integration_tests,production,2024-11-28 01:15:42+00:00,rolled_back,system_automation,pipe-zssax,d6c6cea2da9fcd6cd9d2ad8a8c335da583fc3b2a,branch_hdr,1,1,1,Thursday,1,0,Night,75.0,5.273062565808327,pipe-zssax-INC,0.9192689865342138,2,1165,503,0,0.75,P2 - High,Software,High,2024-11-28 01:15:42+00:00
pipe-zbyis,run_unit_tests,unknown,2024-04-25 12:37:18+00:00,rolled_back,system_automation,pipe-zbyis,6176b30833ccdf3af10badcbb7d50e357cbd82f7,branch_qyz,1,1,12,Thursday,0,0,Morning,60.0,4.79309862468978,pipe-zbyis-INC,0.7097185226477154,7,1433,452,1,0.6,P2 - High,Software,High,2024-04-25 12:37:18+00:00
pipe-nceyj,deploy_to_staging,unknown,2024-06-30 10:46:20+00:00,stable,system_automation,pipe-nceyj,0febaa6de374bf0aadb78bc381e5d124af8f9aa8,branch_esy,0,0,10,Sunday,0,1,Morning,10.0,,,0.9265809413275066,0,2380,363,0,0.1,None,None,None,2024-06-30 10:46:20+00:00
pipe-olnkc,run_integration_tests,unknown,2024-05-06 03:25:14+00:00,stable,user_pmd,pipe-olnkc,5f0ab91a4eeb6dcb95ea024b36b5d40eee7df1a0,branch_aet,0,0,3,Monday,1,0,Night,15.0,,,0.950406390656455,0,1164,156,0,0.15,None,None,None,2024-05-06 03:25:14+00:00
pipe-nnauq,run_unit_tests,unknown,2024-02-26 13:29:27+00:00,stable,user_izr,pipe-nnauq,5a4fc2964f9f6b6c4aa4c8a99aedadaf4ca3bda4,branch_fku,0,0,13,Monday,0,0,Afternoon,0.0,,,0.9090701766089969,0,240,361,0,0.0,None,None,None,2024-02-26 13:29:27+00:00
pipe-xflhu,deploy_to_dev,unknown,2024-03-03 16:24:27+00:00,stable,system_automation,pipe-xflhu,4df4d45c3b2bb0eabc91cf87fe12b3dddf0b4ac2,branch_yae,0,0,16,Sunday,0,1,Afternoon,10.0,,,0.9423655120550605,0,1148,546,0,0.1,None,None,None,2024-03-03 16:24:27+00:00
pipe-lbxtz,deploy_to_dev,unknown,2024-01-13 14:43:47+00:00,rolled_back,user_rdd,pipe-lbxtz,5c0fd0abfe3abf8edf59210442df39469bbe6f70,branch_kyo,1,1,14,Saturday,0,1,Afternoon,70.0,5.748319584417996,pipe-lbxtz-INC,0.8773620123978396,7,798,591,0,0.7,P2 - High,Software,High,2024-01-13 14:43:47+00:00
pipe-acftp,deploy_to_dev,unknown,2024-03-23 11:12:00+00:00,stable,user_akq,pipe-acftp,afdbda86feb3f7c9edbbe0caa3ac687f14fbc797,branch_iiw,0,0,11,Saturday,0,1,Morning,10.0,,,0.9502412993630939,0,1179,301,0,0.1,None,None,None,2024-03-23 11:12:00+00:00
pipe-vawec,run_integration_tests,unknown,2024-05-08 17:58:20+00:00,stable,user_bsz,pipe-vawec,edaecb488fd5e0a421a2dafccb2ebbb40c0fddb6,branch_chn,0,0,17,Wednesday,0,0,Afternoon,0.0,,,0.9971135151802328,0,728,193,0,0.0,None,None,None,2024-05-08 17:58:20+00:00
pipe-ifurh,build_and_test,unknown,2024-03-05 18:11:04+00:00,rolled_back,user_ixu,pipe-ifurh,acdbef38762e5acc79cbbea71a7c89c0d8da3d58,branch_mia,1,1,18,Tuesday,1,0,Afternoon,75.0,1.613292424400435,pipe-ifurh-INC,0.8097007003127893,5,492,463,1,0.75,P2 - High,Software,High,2024-03-05 18:11:04+00:00
pipe-wjnqk,run_integration_tests,unknown,2024-02-04 03:40:02+00:00,stable,system_automation,pipe-wjnqk,c713ea6a0ece558cbd5bdd7c00bcfc6da98b7e69,branch_zmq,0,0,3,Sunday,1,1,Night,25.0,,,0.9504545239703938,0,2956,101,0,0.25,None,None,None,2024-02-04 03:40:02+00:00
pipe-ldfhw,deploy_to_dev,unknown,2024-06-10 16:26:39+00:00,rolled_back,system_automation,pipe-ldfhw,ce7102ba7391f50cfc395ddccac1bdf8522b6a7c,branch_hiv,1,1,16,Monday,0,0,Afternoon,60.0,3.5302579305557447,pipe-ldfhw-INC,0.9135946402800623,2,430,141,0,0.6,P2 - High,Software,High,2024-06-10 16:26:39+00:00
pipe-ytdyv,build_and_test,unknown,2024-07-01 16:03:57+00:00,rolled_back,user_anq,pipe-ytdyv,1c1cb94f08ddeff7bd9fbbba53cccdc6addbeedf,branch_ovg,1,1,16,Monday,0,0,Afternoon,60.0,4.0562654711196355,pipe-ytdyv-INC,0.7837611194677719,4,2132,363,1,0.6,P2 - High,Software,High,2024-07-01 16:03:57+00:00
pipe-djqdv,run_unit_tests,development,2024-09-09 12:33:04+00:00,stable,user_tei,pipe-djqdv,048d364717b2cd1fdf02a14d7cfff9bbcbad7fc8,branch_rke,0,0,12,Monday,0,0,Morning,0.0,,,0.927948737357019,0,2166,594,0,0.0,None,None,None,2024-09-09 12:33:04+00:00
pipe-yicpe,deploy_to_dev,unknown,2024-10-16 18:51:54+00:00,stable,system_automation,pipe-yicpe,702a10bf7ba4dedbefc6cbc414c35afe4e03db6e,branch_rcu,0,0,18,Wednesday,1,0,Afternoon,15.0,,,0.9855475363417882,0,1872,237,0,0.15,None,None,None,2024-10-16 18:51:54+00:00
pipe-bltxq,deploy_to_dev,production,2024-01-17 08:37:38+00:00,stable,user_qib,pipe-bltxq,b8aa3bc6d75fc084425fbff71becc2b8caceb6bc,branch_bjp,0,0,8,Wednesday,0,0,Morning,0.0,,,0.9389889468872609,0,2738,299,0,0.0,None,None,None,2024-01-17 08:37:38+00:00
pipe-gtivx,build_and_test,unknown,2024-12-14 19:03:27+00:00,rolled_back,user_kps,pipe-gtivx,9dab6132aac0dccaed9ab8b2f12f39a1fe1c28b4,branch_hjs,1,1,19,Saturday,1,1,Evening,85.0,2.7852845282062346,pipe-gtivx-INC,0.770638837810608,2,64,234,1,0.85,P2 - High,Software,High,2024-12-14 19:03:27+00:00
pipe-dflcy,deploy_to_dev,unknown,2024-12-21 08:00:09+00:00,stable,system_automation,pipe-dflcy,decadc143a2eccaad53cdcd3cc7a5e8b076cef64,branch_jgk,0,0,8,Saturday,0,1,Morning,10.0,,,0.9976527066415146,0,939,297,0,0.1,None,None,None,2024-12-21 08:00:09+00:00
pipe-fysjp,run_unit_tests,unknown,2024-12-15 14:16:59+00:00,stable,user_gep,pipe-fysjp,7cffb84d2cdac1d984adf2aa0675f8b134ebcdac,branch_uju,0,0,14,Sunday,0,1,Afternoon,10.0,,,0.9186483294755864,0,593,63,0,0.1,None,None,None,2024-12-15 14:16:59+00:00
pipe-jjxvq,run_unit_tests,development,2024-08-05 01:12:45+00:00,stable,system_automation,pipe-jjxvq,988d32cecceb53da94f53db74e03970aabc54d22,branch_jxa,0,0,1,Monday,1,0,Night,15.0,,,0.9301400636720186,0,1751,381,0,0.15,None,None,None,2024-08-05 01:12:45+00:00
pipe-btiwd,deploy_to_staging,unknown,2024-02-06 00:32:05+00:00,rolled_back,user_lry,pipe-btiwd,0d5d0ca8c93ccf73746ca7dee13accbaeb0ed1be,branch_puu,1,1,0,Tuesday,1,0,Night,75.0,3.588581724391777,pipe-btiwd-INC,0.8296528565480448,2,1924,381,1,0.75,P2 - High,Software,High,2024-02-06 00:32:05+00:00
pipe-sbhdd,deploy_to_dev,unknown,2024-03-13 13:48:10+00:00,rolled_back,system_automation,pipe-sbhdd,beadf6cfe5df6aeeebd5bc6faeac50ad9a9caeea,branch_epv,1,1,13,Wednesday,0,0,Afternoon,60.0,3.5658733207152284,pipe-sbhdd-INC,0.7789080141361404,5,2698,230,1,0.6,P2 - High,Software,High,2024-03-13 13:48:10+00:00
pipe-iuarg,run_integration_tests,development,2024-01-25 10:28:53+00:00,stable,user_wsi,pipe-iuarg,dbb84a7ec4a6e7ffee4f8bfce57c3beb4d6ebf7e,branch_xfd,0,0,10,Thursday,0,0,Morning,0.0,,,0.920018343058486,0,1170,202,0,0.0,None,None,None,2024-01-25 10:28:53+00:00
pipe-afmvw,run_unit_tests,staging,2024-08-20 20:02:13+00:00,stable,system_automation,pipe-afmvw,e7f4ca738515d1f5bec4b1ee7d4b261e7d3efcd9,branch_wgy,0,0,20,Tuesday,1,0,Evening,15.0,,,0.9680034935407892,0,745,471,0,0.15,None,None,None,2024-08-20 20:02:13+00:00
pipe-ekieq,build_and_test,development,2024-04-01 19:36:47+00:00,stable,system_automation,pipe-ekieq,d92853b39dee2459fdf97349fe72b07c8a168be0,branch_twi,0,0,19,Monday,1,0,Evening,15.0,,,0.9181321458765852,0,2776,161,0,0.15,None,None,None,2024-04-01 19:36:47+00:00
pipe-qdawd,run_unit_tests,unknown,2024-07-15 00:30:25+00:00,stable,user_ijr,pipe-qdawd,7eaf619d94eeecda71cffbcc4afdcc2dec68bbec,branch_itk,0,0,0,Monday,1,0,Night,15.0,,,0.967481275240587,0,2035,85,0,0.15,None,None,None,2024-07-15 00:30:25+00:00
pipe-wedkv,deploy_to_dev,unknown,2024-05-09 20:57:19+00:00,stable,user_pyf,pipe-wedkv,88dbe555adfe451b5c3f6be85ca51048ed0b4cea,branch_aue,0,0,20,Thursday,1,0,Evening,15.0,,,0.9263475428189318,0,2305,81,0,0.15,None,None,None,2024-05-09 20:57:19+00:00
pipe-zjjzu,deploy_to_dev,unknown,2024-08-04 20:15:47+00:00,rolled_back,user_xyr,pipe-zjjzu,ffc41f807a5b50cf5dbaacdd8a766d5964baebb3,branch_buv,1,1,20,Sunday,1,1,Evening,85.0,4.055995063176278,pipe-zjjzu-INC,0.7861282354967459,3,1362,536,1,0.85,P2 - High,Software,High,2024-08-04 20:15:47+00:00
pipe-welkp,run_integration_tests,unknown,2024-02-12 12:03:28+00:00,rolled_back,system_automation,pipe-welkp,abb020722fae2d1a62db948dee28bddc7786fdb9,branch_wpr,1,1,12,Monday,0,0,Morning,60.0,2.191946511531582,pipe-welkp-INC,0.7724377411115093,7,1369,256,1,0.6,P2 - High,Software,High,2024-02-12 12:03:28+00:00
pipe-hkjcc,build_and_test,unknown,2024-02-16 00:32:10+00:00,rolled_back,user_izk,pipe-hkjcc,0ebce8ff24eea9bbd6c10643be4be5dac1ba797c,branch_hyj,1,1,0,Friday,1,0,Night,75.0,4.793434498415867,pipe-hkjcc-INC,0.7992302300407561,2,1197,114,1,0.75,P2 - High,Software,High,2024-02-16 00:32:10+00:00
pipe-jymhf,deploy_to_dev,unknown,2024-12-04 11:20:38+00:00,stable,user_zzw,pipe-jymhf,851bcf90d31accfca28f7bc3c5af0c9964d9aff5,branch_wtp,0,0,11,Wednesday,0,0,Morning,0.0,,,0.9466509263138343,0,2261,534,0,0.0,None,None,None,2024-12-04 11:20:38+00:00
pipe-vqpsk,deploy_to_dev,unknown,2024-10-04 07:41:08+00:00,stable,system_automation,pipe-vqpsk,10fdadb12e4aafe6b34398047fe6fedaef8ce0b4,branch_fvh,0,0,7,Friday,1,0,Morning,15.0,,,0.9361298898852684,0,671,140,0,0.15,None,None,None,2024-10-04 07:41:08+00:00
pipe-kaexx,deploy_to_staging,unknown,2024-11-13 23:33:05+00:00,stable,system_automation,pipe-kaexx,17ab5abd76c3c10427d28ecb0fb1e02361c4a0e6,branch_lzo,0,0,23,Wednesday,1,0,Evening,15.0,,,0.985262271903945,0,2927,241,0,0.15,None,None,None,2024-11-13 23:33:05+00:00
pipe-kgyvb,deploy_to_staging,unknown,2024-04-23 07:46:12+00:00,stable,system_automation,pipe-kgyvb,fa54ab18b1a78de2c0c73c0a2d6dfda7a0b0d511,branch_jxx,0,0,7,Tuesday,1,0,Morning,15.0,,,0.9571950625641202,0,568,71,0,0.15,None,None,None,2024-04-23 07:46:12+00:00
pipe-oegqt,run_unit_tests,unknown,2024-05-04 20:22:00+00:00,stable,user_lzn,pipe-oegqt,b143d9e7c0a6f84dbf17db99ce0661fb39eacbb1,branch_ajy,0,0,20,Saturday,1,1,Evening,25.0,,,0.9213830821277998,0,1409,426,0,0.25,None,None,None,2024-05-04 20:22:00+00:00
pipe-bvfsz,run_integration_tests,unknown,2024-10-26 20:06:44+00:00,stable,user_vry,pipe-bvfsz,c5a2ad2acc9c37ae91f43a8be32ed76da3c9abf6,branch_lat,0,0,20,Saturday,1,1,Evening,25.0,,,0.9900091278143682,0,978,437,0,0.25,None,None,None,2024-10-26 20:06:44+00:00
pipe-fqfwb,deploy_to_dev,unknown,2024-01-06 12:12:33+00:00,stable,user_kry,pipe-fqfwb,18d8a8a2eca4add5af30f743ec3ccf3e355f8f33,branch_fbo,0,0,12,Saturday,0,1,Morning,10.0,,,0.9342650296033641,0,1945,468,0,0.1,None,None,None,2024-01-06 12:12:33+00:00
pipe-yiolb,deploy_to_staging,unknown,2024-12-01 20:54:38+00:00,stable,system_automation,pipe-yiolb,bdec2af21de86dfc8f083aedfbd245ebd8f1ac6a,branch_ckj,0,0,20,Sunday,1,1,Evening,25.0,,,0.9038979377537321,0,2058,202,0,0.25,None,None,None,2024-12-01 20:54:38+00:00
pipe-uamgi,build_and_test,unknown,2024-08-26 21:41:24+00:00,stable,user_wal,pipe-uamgi,b65273b27ab93f55db2d9cebeff2d78fad1a7e75,branch_lrn,0,0,21,Monday,1,0,Evening,15.0,,,0.9494600223974453,0,2760,237,0,0.15,None,None,None,2024-08-26 21:41:24+00:00
pipe-rxvri,build_and_test,staging,2024-07-13 07:09:29+00:00,stable,system_automation,pipe-rxvri,6bb0a4abaae561d3ff4cb968641da85e8c1b101f,branch_uft,0,0,7,Saturday,1,1,Morning,25.0,,,0.9123938054440878,0,2378,566,0,0.25,None,None,None,2024-07-13 07:09:29+00:00
pipe-rsghy,build_and_test,unknown,2024-10-03 06:17:21+00:00,stable,user_rap,pipe-rsghy,a4ffc89eff1bd5affb024dd9cf3b0c9faaf741d8,branch_oaf,0,0,6,Thursday,1,0,Night,15.0,,,0.9238466443715743,0,783,503,0,0.15,None,None,None,2024-10-03 06:17:21+00:00
pipe-fsekj,build_and_test,unknown,2024-08-05 13:14:31+00:00,stable,user_nao,pipe-fsekj,ae31aaafafa241f25dddf2cba62525d4ce4d2d9b,branch_xbj,0,0,13,Monday,0,0,Afternoon,0.0,,,0.9747110872687411,0,659,80,0,0.0,None,None,None,2024-08-05 13:14:31+00:00
pipe-maabm,deploy_to_dev,development,2024-07-26 06:52:06+00:00,stable,user_wrm,pipe-maabm,eeddaa9245bcf713f275f0ea9f2cb6bf8cf18e50,branch_bnp,0,0,6,Friday,1,0,Night,15.0,,,0.9130751813376319,0,2665,433,0,0.15,None,None,None,2024-07-26 06:52:06+00:00
pipe-gkiyy,deploy_to_dev,unknown,2024-11-09 02:19:00+00:00,stable,system_automation,pipe-gkiyy,a089be8cb6371cc72bc219f07cc03e78f030dc61,branch_bda,0,0,2,Saturday,1,1,Night,25.0,,,0.9806944224354036,0,1489,498,0,0.25,None,None,None,2024-11-09 02:19:00+00:00
pipe-gzwus,deploy_to_dev,unknown,2024-04-07 21:23:13+00:00,stable,user_ewe,pipe-gzwus,6a292950ddac5aab432b64af7b4e403a80ecb94b,branch_zuc,0,0,21,Sunday,1,1,Evening,25.0,,,0.9936907288130954,0,337,361,0,0.25,None,None,None,2024-04-07 21:23:13+00:00
pipe-xuxhv,run_unit_tests,unknown,2024-04-05 23:43:07+00:00,rolled_back,system_automation,pipe-xuxhv,1098e32e7dd3aef5da1c502c6b92e520aa73d10e,branch_ahq,1,1,23,Friday,1,0,Evening,75.0,4.402063360554268,pipe-xuxhv-INC,0.8818937740232238,2,2483,405,0,0.75,P2 - High,Software,High,2024-04-05 23:43:07+00:00
pipe-ayhgi,build_and_test,unknown,2024-12-09 17:35:56+00:00,stable,user_gyp,pipe-ayhgi,cdbad27ff7c678f92519fec269e1aa7aee32f1c1,branch_rmc,0,0,17,Monday,0,0,Afternoon,0.0,,,0.9710359192022829,0,1962,60,0,0.0,None,None,None,2024-12-09 17:35:56+00:00
pipe-swvor,run_unit_tests,unknown,2024-07-15 17:13:03+00:00,stable,user_gvn,pipe-swvor,5e76b4db6f9c830fbce0a269c26beb3abe356cfb,branch_lwx,0,0,17,Monday,0,0,Afternoon,0.0,,,0.9713586609907418,0,125,76,0,0.0,None,None,None,2024-07-15 17:13:03+00:00
pipe-ketma,run_unit_tests,unknown,2024-08-18 04:00:12+00:00,stable,user_mlv,pipe-ketma,bbdefb4009cdc88d90f5cb5ff3e3ec8eccdfb48c,branch_dqx,0,0,4,Sunday,1,1,Night,25.0,,,0.9992807957270445,0,2359,78,0,0.25,None,None,None,2024-08-18 04:00:12+00:00
pipe-otcfb,run_unit_tests,unknown,2024-04-04 16:58:53+00:00,stable,user_uxd,pipe-otcfb,a5b8bcb45c71d320d5edc720d1db83e568b2c07e,branch_gxd,0,0,16,Thursday,0,0,Afternoon,0.0,,,0.9341538262201623,0,1841,145,0,0.0,None,None,None,2024-04-04 16:58:53+00:00
pipe-azxnc,build_and_test,development,2024-01-25 10:52:01+00:00,stable,system_automation,pipe-azxnc,b9c7aace87e4056e6c51dffcc00cf3c61ea7a27e,branch_pnx,0,0,10,Thursday,0,0,Morning,0.0,,,0.9162856551242703,0,1863,595,0,0.0,None,None,None,2024-01-25 10:52:01+00:00
pipe-uirqw,run_integration_tests,unknown,2024-02-18 04:05:33+00:00,stable,system_automation,pipe-uirqw,f139aaa80bcb4761dc94a07bfadee31a88dec9ce,branch_nec,0,0,4,Sunday,1,1,Night,25.0,,,0.9519167234914322,0,2601,402,0,0.25,None,None,None,2024-02-18 04:05:33+00:00
pipe-uevff,deploy_to_staging,unknown,2024-03-04 21:37:53+00:00,stable,system_automation,pipe-uevff,c2d7c189f7c414ccd45bbc903ac4cfea23aa3000,branch_jjb,0,0,21,Monday,1,0,Evening,15.0,,,0.9533249809831709,0,1511,482,0,0.15,None,None,None,2024-03-04 21:37:53+00:00
pipe-latur,build_and_test,unknown,2024-06-26 21:32:06+00:00,stable,system_automation,pipe-latur,6daabed3c4fac0985b5d1eeb0b736bdb5b64c47a,branch_sto,0,0,21,Wednesday,1,0,Evening,15.0,,,0.9177912488296145,0,1410,219,0,0.15,None,None,None,2024-06-26 21:32:06+00:00
pipe-yzard,deploy_to_dev,unknown,2024-11-02 02:48:49+00:00,stable,user_wad,pipe-yzard,29fb9288179fde1e7ea345a1bb1ad2e1f4b0656f,branch_vfp,0,0,2,Saturday,1,1,Night,25.0,,,0.9613109418994139,0,1871,566,0,0.25,None,None,None,2024-11-02 02:48:49+00:00
pipe-jguia,deploy_to_dev,unknown,2024-10-12 17:56:16+00:00,stable,user_ftz,pipe-jguia,c31eefbc380a3d2056eafdc695aea90e2abdd4a3,branch_ami,0,0,17,Saturday,0,1,Afternoon,10.0,,,0.9014124733476824,0,633,167,0,0.1,None,None,None,2024-10-12 17:56:16+00:00
pipe-skpdz,deploy_to_dev,development,2024-11-05 23:18:15+00:00,stable,system_automation,pipe-skpdz,6efeda3be6bc4ed03e82cbd8e514ea559de53b20,branch_yws,0,0,23,Tuesday,1,0,Evening,15.0,,,0.9927668402454222,0,497,547,0,0.15,None,None,None,2024-11-05 23:18:15+00:00
pipe-vxzhp,run_integration_tests,unknown,2024-11-14 22:17:50+00:00,stable,user_tzo,pipe-vxzhp,d119b9ece4e1b88d8f74f91f0a1b711a8fa2bade,branch_gea,0,0,22,Thursday,1,0,Evening,15.0,,,0.9264574277821261,0,2539,76,0,0.15,None,None,None,2024-11-14 22:17:50+00:00
pipe-raeaf,deploy_to_dev,production,2024-04-10 05:27:50+00:00,rolled_back,system_automation,pipe-raeaf,c50618beabdfee2e0dbc5a070b2401def1b9711a,branch_wjb,1,1,5,Wednesday,1,0,Night,75.0,6.070194250438142,pipe-raeaf-INC,0.7058371361853363,1,685,71,1,0.75,P2 - High,Software,High,2024-04-10 05:27:50+00:00
pipe-yabfb,build_and_test,staging,2024-09-29 00:32:21+00:00,stable,user_zhi,pipe-yabfb,9b41eaaccc8087f4a0f3ddae1adbea7eacccfddd,branch_gop,0,0,0,Sunday,1,1,Night,25.0,,,0.9108249441474857,0,1537,102,0,0.25,None,None,None,2024-09-29 00:32:21+00:00
pipe-ewdpq,deploy_to_dev,unknown,2024-01-08 22:07:00+00:00,stable,user_tki,pipe-ewdpq,d26d97016deb76fc4ea541ebded18eadb4c8f3fd,branch_cgi,0,0,22,Monday,1,0,Evening,15.0,,,0.9240248948279642,0,846,487,0,0.15,None,None,None,2024-01-08 22:07:00+00:00
pipe-rbftg,deploy_to_staging,unknown,2024-11-08 18:22:05+00:00,rolled_back,system_automation,pipe-rbftg,93de76dcec9a14a007a57edb37057e9eaa4a25e6,branch_zzg,1,1,18,Friday,1,0,Afternoon,75.0,6.924110176809187,pipe-rbftg-INC,0.8092118461366478,3,729,199,1,0.75,P2 - High,Software,High,2024-11-08 18:22:05+00:00
pipe-bbixc,deploy_to_dev,production,2024-08-29 10:34:13+00:00,rolled_back,system_automation,pipe-bbixc,5c6c1cac58e1fbfc06abcf6c17ba4e69e057a4ef,branch_ujk,1,1,10,Thursday,0,0,Morning,60.0,3.2919617989366112,pipe-bbixc-INC,0.8024666368785961,6,1813,303,1,0.6,P2 - High,Software,High,2024-08-29 10:34:13+00:00
pipe-ddgcp,run_integration_tests,production,2024-08-08 07:26:17+00:00,rolled_back,system_automation,pipe-ddgcp,a1ed5a77f059c8b0176a2dfcfea43d5d424f4ae6,branch_erq,1,1,7,Thursday,1,0,Morning,75.0,1.652096742954761,pipe-ddgcp-INC,0.701204083943618,5,2416,314,1,0.75,P2 - High,Software,High,2024-08-08 07:26:17+00:00
pipe-jfyib,deploy_to_staging,unknown,2024-07-03 15:11:57+00:00,stable,user_tds,pipe-jfyib,dc5bea48c5bb1e24e1bbaaaf4fd2b1b5b4055ad7,branch_nre,0,0,15,Wednesday,0,0,Afternoon,0.0,,,0.9192941736493482,0,1353,486,0,0.0,None,None,None,2024-07-03 15:11:57+00:00
pipe-ampjf,run_unit_tests,unknown,2024-05-05 00:57:13+00:00,rolled_back,user_gfg,pipe-ampjf,4037f32aff4fa8f8793eccde7541f25dc685e9db,branch_hym,1,1,0,Sunday,1,1,Night,85.0,1.3975441689867076,pipe-ampjf-INC,0.7727575346841432,7,459,248,1,0.85,P2 - High,Software,High,2024-05-05 00:57:13+00:00
pipe-mwhtw,deploy_to_staging,unknown,2024-06-02 08:09:16+00:00,stable,user_btk,pipe-mwhtw,ffb2b76c3d13b4adbb2dfaeea8b133a67a2c5dba,branch_lwv,0,0,8,Sunday,0,1,Morning,10.0,,,0.9385167737355969,0,771,63,0,0.1,None,None,None,2024-06-02 08:09:16+00:00
pipe-npjqk,build_and_test,unknown,2024-04-03 21:44:06+00:00,stable,system_automation,pipe-npjqk,e27f153b7f3b8e4022ffca54c64e3e13facadf4d,branch_ejy,0,0,21,Wednesday,1,0,Evening,15.0,,,0.9339007740602879,0,535,268,0,0.15,None,None,None,2024-04-03 21:44:06+00:00
pipe-jsoiy,deploy_to_dev,unknown,2024-11-25 21:12:11+00:00,rolled_back,user_ikr,pipe-jsoiy,42b2ebbf4ecf4d6cca851a11b292ca5ee12ba151,branch_dwq,1,1,21,Monday,1,0,Evening,75.0,7.965983544377279,pipe-jsoiy-INC,0.8243171403387552,2,2654,215,1,0.75,P2 - High,Software,High,2024-11-25 21:12:11+00:00
pipe-pfnve,build_and_test,unknown,2024-10-05 13:30:37+00:00,stable,system_automation,pipe-pfnve,2e2df346fb52a955efe6eb53be019bc5cd277e2d,branch_kva,0,0,13,Saturday,0,1,Afternoon,10.0,,,0.9089731277741251,0,992,454,0,0.1,None,None,None,2024-10-05 13:30:37+00:00
pipe-yxjbc,deploy_to_dev,unknown,2024-11-10 10:42:39+00:00,stable,user_zzu,pipe-yxjbc,0d2ece86dbfb6c44faef6cbcdfefe1e80ea60a21,branch_val,0,0,10,Sunday,0,1,Morning,10.0,,,0.9025204947126162,0,1153,465,0,0.1,None,None,None,2024-11-10 10:42:39+00:00
pipe-kapec,run_integration_tests,production,2024-04-04 14:04:11+00:00,stable,user_yjl,pipe-kapec,32c3c3a17d3c106e56a70bb8c57df1dcbbb9ca63,branch_ykc,0,0,14,Thursday,0,0,Afternoon,0.0,,,0.9202114300156466,0,259,109,0,0.0,None,None,None,2024-04-04 14:04:11+00:00
pipe-dipux,deploy_to_staging,unknown,2024-05-08 13:52:56+00:00,stable,system_automation,pipe-dipux,7be23ed6dcb7eeabdfdccbacbcbd8094f98db078,branch_lkj,0,0,13,Wednesday,0,0,Afternoon,0.0,,,0.9756649427416615,0,1365,488,0,0.0,None,None,None,2024-05-08 13:52:56+00:00
pipe-auogf,run_unit_tests,development,2024-02-16 16:04:39+00:00,stable,system_automation,pipe-auogf,ecb8ba88d6852acdb7adda5a5cffbdcb3f6e7af9,branch_fuv,0,0,16,Friday,0,0,Afternoon,0.0,,,0.9990809765551122,0,2746,98,0,0.0,None,None,None,2024-02-16 16:04:39+00:00
pipe-rryir,build_and_test,unknown,2024-01-20 12:25:20+00:00,rolled_back,user_hob,pipe-rryir,cbff1e7bdb3054d07ab7a7b6e9994a36038bdff6,branch_wlm,1,1,12,Saturday,0,1,Morning,70.0,5.306664759396195,pipe-rryir-INC,0.9123915097659818,7,1258,394,0,0.7,P2 - High,Software,High,2024-01-20 12:25:20+00:00
pipe-ppyfu,run_integration_tests,unknown,2024-08-23 06:33:44+00:00,stable,system_automation,pipe-ppyfu,b5239e949eafa4a17abb8eff6d33ffecafdf2e40,branch_rpl,0,0,6,Friday,1,0,Night,15.0,,,0.9504219355537769,0,1971,270,0,0.15,None,None,None,2024-08-23 06:33:44+00:00
pipe-dnwgk,deploy_to_staging,unknown,2024-01-28 11:59:32+00:00,stable,system_automation,pipe-dnwgk,e770bb96d0fa4c66b7cde3aeec1493ff8e61d6fa,branch_sis,0,0,11,Sunday,0,1,Morning,10.0,,,0.9531823855777934,0,586,222,0,0.1,None,None,None,2024-01-28 11:59:32+00:00
pipe-zplnz,run_unit_tests,unknown,2024-04-07 09:47:25+00:00,rolled_back,user_qon,pipe-zplnz,c101f9b076604fdcdbafb2c0ad0dfce4bf1e12da,branch_zpa,1,1,9,Sunday,0,1,Morning,70.0,4.438162272254459,pipe-zplnz-INC,0.7412740444083074,6,471,320,1,0.7,P2 - High,Software,High,2024-04-07 09:47:25+00:00
pipe-fcnji,run_integration_tests,unknown,2024-12-30 03:51:31+00:00,rolled_back,system_automation,pipe-fcnji,e3cbe7327534d4ca3a255f36ab0dd3ca5670edcd,branch_agu,1,1,3,Monday,1,0,Night,75.0,1.728134781937219,pipe-fcnji-INC,0.8307399927463476,5,2208,227,1,0.75,P2 - High,Software,High,2024-12-30 03:51:31+00:00
pipe-kzgef,deploy_to_staging,unknown,2024-08-31 10:32:31+00:00,stable,user_ncd,pipe-kzgef,57bc46f5aae9472ee7bcc0684bbe8443c48fe4ae,branch_ooa,0,0,10,Saturday,0,1,Morning,10.0,,,0.9764756687932649,0,243,488,0,0.1,None,None,None,2024-08-31 10:32:31+00:00
pipe-huvoq,run_unit_tests,unknown,2024-12-23 13:17:45+00:00,stable,system_automation,pipe-huvoq,3ee2fae183ecdded6e8f63e110f32afda3dfadd2,branch_clu,0,0,13,Monday,0,0,Afternoon,0.0,,,0.9844272357582444,0,1372,582,0,0.0,None,None,None,2024-12-23 13:17:45+00:00
pipe-phtis,run_integration_tests,unknown,2024-06-28 01:25:02+00:00,rolled_back,user_zeq,pipe-phtis,b6b7a2047c1fdc462fc4c9efb9208dd86acec9b8,branch_cwu,1,1,1,Friday,1,0,Night,75.0,7.918497520127041,pipe-phtis-INC,0.7222433565058286,3,984,500,1,0.75,P2 - High,Software,High,2024-06-28 01:25:02+00:00
pipe-urtjy,build_and_test,unknown,2024-11-25 03:58:02+00:00,stable,system_automation,pipe-urtjy,acce1ea5e92bf2d9d06eaffcfbef7885df2be51d,branch_vku,0,0,3,Monday,1,0,Night,15.0,,,0.9434349248225296,0,97,297,0,0.15,None,None,None,2024-11-25 03:58:02+00:00
pipe-efmsx,run_integration_tests,production,2024-05-17 05:17:34+00:00,stable,system_automation,pipe-efmsx,0fe5ffb08f2c7a74cf1b501bd6a939e19a6f8578,branch_hpu,0,0,5,Friday,1,0,Night,15.0,,,0.9766875568107197,0,1617,331,0,0.15,None,None,None,2024-05-17 05:17:34+00:00
pipe-wxayp,build_and_test,unknown,2024-03-08 19:37:25+00:00,stable,user_xrk,pipe-wxayp,39b3477ebfabfb0a6effc7138985dc86e841a8ed,branch_kva,0,0,19,Friday,1,0,Evening,15.0,,,0.9806398728795879,0,2893,301,0,0.15,None,None,None,2024-03-08 19:37:25+00:00
pipe-weypz,build_and_test,unknown,2024-07-17 03:01:07+00:00,stable,system_automation,pipe-weypz,cbbb2268af37dfa9ef6312c0ffdaad9eedcfdace,branch_aog,0,0,3,Wednesday,1,0,Night,15.0,,,0.930845962249775,0,253,488,0,0.15,None,None,None,2024-07-17 03:01:07+00:00
pipe-crzdj,run_unit_tests,unknown,2024-05-27 01:27:54+00:00,stable,system_automation,pipe-crzdj,bc0a37a1de893d9bcdd17cd41aebf3d0a1e7edae,branch_kly,0,0,1,Monday,1,0,Night,15.0,,,0.992924224400615,0,2456,358,0,0.15,None,None,None,2024-05-27 01:27:54+00:00
pipe-hfgua,deploy_to_dev,development,2024-11-14 23:43:58+00:00,rolled_back,system_automation,pipe-hfgua,5dfe56cadfadcf80d7cf507cfc4c5afbcfaebfe2,branch_pql,1,1,23,Thursday,1,0,Evening,75.0,3.444295368814399,pipe-hfgua-INC,0.7934954648465423,4,1640,312,1,0.75,P2 - High,Software,High,2024-11-14 23:43:58+00:00
pipe-mhsbn,run_unit_tests,production,2024-02-19 14:29:15+00:00,stable,system_automation,pipe-mhsbn,95388fa8cea79d1dcd9370cdad4de85edf0b1cff,branch_tmg,0,0,14,Monday,0,0,Afternoon,0.0,,,0.9994269179163283,0,2184,281,0,0.0,None,None,None,2024-02-19 14:29:15+00:00
pipe-pmzim,run_unit_tests,unknown,2024-05-14 19:16:44+00:00,stable,system_automation,pipe-pmzim,b667d1ff708ffa1adfc1b3e22dfd3ccf6720bdad,branch_xyn,0,0,19,Tuesday,1,0,Evening,15.0,,,0.9770090718158869,0,334,262,0,0.15,None,None,None,2024-05-14 19:16:44+00:00
pipe-kkpfy,deploy_to_dev,unknown,2024-07-11 07:59:32+00:00,stable,user_swx,pipe-kkpfy,1aa3331b49508bcbeb37be39aa0a06a1b2f6a4c8,branch_jhs,0,0,7,Thursday,1,0,Morning,15.0,,,0.9093270905324328,0,2613,358,0,0.15,None,None,None,2024-07-11 07:59:32+00:00
pipe-qxkar,build_and_test,unknown,2024-12-24 04:31:33+00:00,stable,user_sjl,pipe-qxkar,200dcac4abcfddc4e0db567b09a71e19effa89f1,branch_swg,0,0,4,Tuesday,1,0,Night,15.0,,,0.9656229648105,0,83,432,0,0.15,None,None,None,2024-12-24 04:31:33+00:00
pipe-iqyab,deploy_to_staging,unknown,2024-02-29 15:40:58+00:00,stable,user_sjs,pipe-iqyab,7e0cfcde9e8f4cd7fad9dc8f8a34f1feca49b8fb,branch_vhw,0,0,15,Thursday,0,0,Afternoon,0.0,,,0.903417941092826,0,2725,293,0,0.0,None,None,None,2024-02-29 15:40:58+00:00
pipe-ucaqt,run_integration_tests,unknown,2024-03-14 10:51:44+00:00,stable,system_automation,pipe-ucaqt,b2d127c5fda28814ce43e5eb6dcfcca85cc16c8d,branch_pxf,0,0,10,Thursday,0,0,Morning,0.0,,,0.9770186949444183,0,1990,495,0,0.0,None,None,None,2024-03-14 10:51:44+00:00
pipe-ehubv,build_and_test,unknown,2024-07-12 02:41:59+00:00,stable,user_nuq,pipe-ehubv,2a8ccaa3166433aa9ed5afe5913edad894ecf364,branch_tcn,0,0,2,Friday,1,0,Night,15.0,,,0.9799222921659055,0,1045,506,0,0.15,None,None,None,2024-07-12 02:41:59+00:00
pipe-rxnpr,run_integration_tests,production,2024-07-11 02:26:46+00:00,stable,user_zfw,pipe-rxnpr,6b2a0cec59aa3eba0ffd7de5dc1a7ac4c6ecec2d,branch_gtl,0,0,2,Thursday,1,0,Night,15.0,,,0.9602410253091448,0,70,291,0,0.15,None,None,None,2024-07-11 02:26:46+00:00
pipe-hyugf,deploy_to_staging,unknown,2024-12-05 17:40:36+00:00,rolled_back,user_voh,pipe-hyugf,0a213d5bba2aaea807ccbaf7dfff9b7bd1ffd5dc,branch_nok,1,1,17,Thursday,0,0,Afternoon,60.0,2.246392137077797,pipe-hyugf-INC,0.7052734782161502,6,1852,550,1,0.6,P2 - High,Software,High,2024-12-05 17:40:36+00:00
pipe-impdm,deploy_to_dev,unknown,2024-04-15 08:28:04+00:00,stable,system_automation,pipe-impdm,b5d0d5e2f00fd5c9b1f3e1b7ac9e8b3ef66f6b1b,branch_ecy,0,0,8,Monday,0,0,Morning,0.0,,,0.909788328021486,0,307,153,0,0.0,None,None,None,2024-04-15 08:28:04+00:00
pipe-piaxl,build_and_test,unknown,2024-11-06 01:20:30+00:00,stable,user_svx,pipe-piaxl,43bb95b49fac50fc976df2db8aa2c3f3b86493db,branch_ztb,0,0,1,Wednesday,1,0,Night,15.0,,,0.9275923842040813,0,1845,563,0,0.15,None,None,None,2024-11-06 01:20:30+00:00
pipe-pdxln,deploy_to_staging,unknown,2024-04-13 15:38:01+00:00,stable,user_knk,pipe-pdxln,c0fb34e58b78bceed62ed6ecfbeca09c4d4ead2c,branch_kcz,0,0,15,Saturday,0,1,Afternoon,10.0,,,0.941417752159267,0,2330,218,0,0.1,None,None,None,2024-04-13 15:38:01+00:00
pipe-qrgzc,deploy_to_dev,unknown,2024-09-17 01:43:02+00:00,stable,system_automation,pipe-qrgzc,5acd68cd0a2a7d9ea3bbdadcb5557a906efddd3e,branch_nze,0,0,1,Tuesday,1,0,Night,15.0,,,0.9042457952828098,0,838,364,0,0.15,None,None,None,2024-09-17 01:43:02+00:00
pipe-ucbhl,deploy_to_dev,unknown,2024-10-26 20:26:37+00:00,stable,user_pld,pipe-ucbhl,f0a41b3eb4cbabcabf0ad290ad9f9fa0acecbcdc,branch_ypp,0,0,20,Saturday,1,1,Evening,25.0,,,0.9448216087571166,0,754,213,0,0.25,None,None,None,2024-10-26 20:26:37+00:00
pipe-eikbb,run_integration_tests,unknown,2024-03-21 05:10:33+00:00,stable,user_nyu,pipe-eikbb,f95e0e01fafa76d249b7e3cd4c2f6beecbb69ef0,branch_kme,0,0,5,Thursday,1,0,Night,15.0,,,0.9265213456112567,0,704,298,0,0.15,None,None,None,2024-03-21 05:10:33+00:00
pipe-ueuwt,run_unit_tests,unknown,2024-02-11 05:59:37+00:00,stable,user_vgk,pipe-ueuwt,ceacd7e0b2fdb9990a32798fd5c399c9b45bfc0b,branch_jpu,0,0,5,Sunday,1,1,Night,25.0,,,0.9392735012101753,0,713,243,0,0.25,None,None,None,2024-02-11 05:59:37+00:00
pipe-mvjqp,run_unit_tests,unknown,2024-08-31 19:49:56+00:00,stable,system_automation,pipe-mvjqp,58aba4fa923b2a1faf8cfddea7cfa256fb36c344,branch_gdh,0,0,19,Saturday,1,1,Evening,25.0,,,0.9425102631992307,0,386,440,0,0.25,None,None,None,2024-08-31 19:49:56+00:00
pipe-llkvt,run_unit_tests,staging,2024-05-24 15:05:17+00:00,rolled_back,user_oxj,pipe-llkvt,2fbabdb67e8af1b0c9d83bb4b7d9ae1e2ef9fcea,branch_ofk,1,1,15,Friday,0,0,Afternoon,60.0,5.3686178760070575,pipe-llkvt-INC,0.8015799833805921,2,786,103,1,0.6,P2 - High,Software,High,2024-05-24 15:05:17+00:00
pipe-hwoev,deploy_to_dev,unknown,2024-02-07 14:09:44+00:00,rolled_back,user_ymw,pipe-hwoev,912de249082bebe1f78caf765d6f9f0dfac72ab4,branch_hpc,1,1,14,Wednesday,0,0,Afternoon,60.0,5.526524415135162,pipe-hwoev-INC,0.8148951966761219,2,1994,512,1,0.6,P2 - High,Software,High,2024-02-07 14:09:44+00:00
pipe-aajpt,build_and_test,development,2024-09-01 16:40:08+00:00,stable,system_automation,pipe-aajpt,f79fc1e7ff93bceca4d0493fa60a8b6468c6ffd7,branch_yhm,0,0,16,Sunday,0,1,Afternoon,10.0,,,0.9893743128716272,0,942,548,0,0.1,None,None,None,2024-09-01 16:40:08+00:00
pipe-xpuzg,run_integration_tests,unknown,2024-05-13 23:37:47+00:00,stable,user_eba,pipe-xpuzg,9cbfbec7f79cbb88a6811ad3a4a68ce29ccc0cea,branch_ogp,0,0,23,Monday,1,0,Evening,15.0,,,0.942597096481285,0,2353,364,0,0.15,None,None,None,2024-05-13 23:37:47+00:00
pipe-jgvxp,deploy_to_staging,staging,2024-04-08 01:57:32+00:00,rolled_back,system_automation,pipe-jgvxp,5ee25cea8dcfad03f9ce1b82c956b1df67d02c0e,branch_yjd,1,1,1,Monday,1,0,Night,75.0,3.249562886994593,pipe-jgvxp-INC,0.7414643466627062,5,2466,355,1,0.75,P2 - High,Software,High,2024-04-08 01:57:32+00:00
pipe-eaaot,deploy_to_staging,unknown,2024-04-22 01:46:05+00:00,rolled_back,system_automation,pipe-eaaot,a844ac4d8abac63deae3d9caf546fded61faf9aa,branch_ctx,1,1,1,Monday,1,0,Night,75.0,4.54645576446259,pipe-eaaot-INC,0.7757110371739365,2,2294,437,1,0.75,P2 - High,Software,High,2024-04-22 01:46:05+00:00
pipe-tyifw,run_integration_tests,unknown,2024-06-21 14:08:28+00:00,rolled_back,user_zls,pipe-tyifw,e0665bfa81249c22e98762346082cce9f5b1ab26,branch_lue,1,1,14,Friday,0,0,Afternoon,60.0,3.038423624729945,pipe-tyifw-INC,0.7212982328470937,6,1641,167,1,0.6,P2 - High,Software,High,2024-06-21 14:08:28+00:00
pipe-qrkbm,build_and_test,unknown,2024-01-30 18:27:47+00:00,stable,system_automation,pipe-qrkbm,781d90f68e9b28aed1bac884a78439ccfc2bd490,branch_ssx,0,0,18,Tuesday,1,0,Afternoon,15.0,,,0.9257372313055147,0,983,464,0,0.15,None,None,None,2024-01-30 18:27:47+00:00
pipe-qrpxc,deploy_to_dev,unknown,2024-03-22 03:26:53+00:00,stable,user_wyb,pipe-qrpxc,aaedeaeacbd98babcdcf7e432ba3fb4a40e1e2be,branch_pba,0,0,3,Friday,1,0,Night,15.0,,,0.9502679324796067,0,2793,178,0,0.15,None,None,None,2024-03-22 03:26:53+00:00
pipe-kwdez,build_and_test,staging,2024-06-28 21:38:12+00:00,stable,system_automation,pipe-kwdez,f26fcbeba9b5ceb027ca932d89cc9922e5c73d6f,branch_nel,0,0,21,Friday,1,0,Evening,15.0,,,0.9151801733078831,0,655,425,0,0.15,None,None,None,2024-06-28 21:38:12+00:00
pipe-pxctz,deploy_to_dev,staging,2024-02-15 19:26:40+00:00,stable,user_lvu,pipe-pxctz,cebaeabb3cd0ff68abfbc3db6ae7ebce3cb4dbf0,branch_skg,0,0,19,Thursday,1,0,Evening,15.0,,,0.9351929943022966,0,1420,225,0,0.15,None,None,None,2024-02-15 19:26:40+00:00
pipe-ziktq,deploy_to_staging,staging,2024-03-09 08:21:07+00:00,rolled_back,user_qbk,pipe-ziktq,fbc8dee68ac1b4d134dc4affefdaef171de33ead,branch_vpu,1,1,8,Saturday,0,1,Morning,70.0,4.285936121776236,pipe-ziktq-INC,0.7177617616006026,5,1388,462,1,0.7,P2 - High,Software,High,2024-03-09 08:21:07+00:00
pipe-jgeje,run_integration_tests,unknown,2024-07-06 01:26:51+00:00,rolled_back,user_wow,pipe-jgeje,2b9c2adc4ccd8ebd602b980b63cd3a4e750000fd,branch_gvj,1,1,1,Saturday,1,1,Night,85.0,7.321641829035125,pipe-jgeje-INC,0.8433672829456987,2,2249,487,1,0.85,P2 - High,Software,High,2024-07-06 01:26:51+00:00
pipe-lfwrs,deploy_to_staging,unknown,2024-04-01 18:31:57+00:00,stable,system_automation,pipe-lfwrs,e11d5b7f3eaafc2cfacaefce5db0d4b1cbd5ade9,branch_wug,0,0,18,Monday,1,0,Afternoon,15.0,,,0.9823912361050796,0,1663,172,0,0.15,None,None,None,2024-04-01 18:31:57+00:00
pipe-mycfh,build_and_test,unknown,2024-01-23 03:48:04+00:00,stable,user_chd,pipe-mycfh,9f55365d8f3bdcaffb771d2a8c38ffd34a5a86f6,branch_phi,0,0,3,Tuesday,1,0,Night,15.0,,,0.9256721761535166,0,2408,393,0,0.15,None,None,None,2024-01-23 03:48:04+00:00
pipe-oence,run_integration_tests,unknown,2024-12-15 13:09:21+00:00,stable,user_mil,pipe-oence,8ceddd3725d390ab78cfcb863a0d07e9a0f8d3fd,branch_lty,0,0,13,Sunday,0,1,Afternoon,10.0,,,0.996977157883101,0,2761,329,0,0.1,None,None,None,2024-12-15 13:09:21+00:00
pipe-exulu,deploy_to_dev,unknown,2024-07-14 10:49:59+00:00,stable,system_automation,pipe-exulu,bcdcb77daeb0e4f5043dffe014e7de4cbbc0ef2e,branch_ybw,0,0,10,Sunday,0,1,Morning,10.0,,,0.9784722020851351,0,1202,218,0,0.1,None,None,None,2024-07-14 10:49:59+00:00
pipe-oknyz,build_and_test,unknown,2024-02-26 05:49:24+00:00,rolled_back,user_uxt,pipe-oknyz,828d3e3aacac8f3812ffb89fbdfafe430e8eafcd,branch_xnx,1,1,5,Monday,1,0,Night,75.0,4.485582807534333,pipe-oknyz-INC,0.7078977549216189,7,2630,377,1,0.75,P2 - High,Software,High,2024-02-26 05:49:24+00:00
pipe-rhxam,build_and_test,unknown,2024-01-13 06:55:32+00:00,stable,system_automation,pipe-rhxam,ae05ebb26ff38fc70dd5b1fbd07df75257abfac4,branch_vjn,0,0,6,Saturday,1,1,Night,25.0,,,0.9838136554830305,0,550,596,0,0.25,None,None,None,2024-01-13 06:55:32+00:00
pipe-ixaqa,deploy_to_dev,unknown,2024-12-04 19:23:42+00:00,stable,user_pgp,pipe-ixaqa,0e2ec54ee6fc2b21dee6bbedf117af8fe4e5be36,branch_oge,0,0,19,Wednesday,1,0,Evening,15.0,,,0.9142103925851642,0,2752,61,0,0.15,None,None,None,2024-12-04 19:23:42+00:00
pipe-wdrgk,run_integration_tests,unknown,2024-12-30 16:00:14+00:00,stable,system_automation,pipe-wdrgk,3d241a18ceb3e7551ef8cc8ed7d11be912ffdcb3,branch_cem,0,0,16,Monday,0,0,Afternoon,0.0,,,0.9526460090635014,0,575,576,0,0.0,None,None,None,2024-12-30 16:00:14+00:00
pipe-aqmmn,deploy_to_dev,staging,2024-08-21 18:09:41+00:00,stable,user_tkv,pipe-aqmmn,1c5b3b53f888df4db96a7eaca55a3c4ca7bafe49,branch_ikv,0,0,18,Wednesday,1,0,Afternoon,15.0,,,0.9169978521195786,0,2558,522,0,0.15,None,None,None,2024-08-21 18:09:41+00:00
pipe-inlah,run_unit_tests,unknown,2024-09-13 10:18:01+00:00,stable,user_jcx,pipe-inlah,11d9d0ccb8ff021c9af3d961b2a7ffe2b2085f72,branch_cbi,0,0,10,Friday,0,0,Morning,0.0,,,0.9818227352627258,0,1201,345,0,0.0,None,None,None,2024-09-13 10:18:01+00:00
pipe-ymzmc,deploy_to_staging,unknown,2024-03-16 17:38:59+00:00,stable,system_automation,pipe-ymzmc,f76d9f906545ad51d33e9bfffbfa9daf7ded21a8,branch_wxq,0,0,17,Saturday,0,1,Afternoon,10.0,,,0.9584162149183296,0,2895,389,0,0.1,None,None,None,2024-03-16 17:38:59+00:00
pipe-ogcag,run_integration_tests,production,2024-02-05 00:44:15+00:00,rolled_back,system_automation,pipe-ogcag,eced5caaeeabcb7f4cf09b1d021f63d9486cea05,branch_xex,1,1,0,Monday,1,0,Night,75.0,1.9370225724702488,pipe-ogcag-INC,0.89865761374935,4,431,259,0,0.75,P2 - High,Software,High,2024-02-05 00:44:15+00:00
pipe-npuag,deploy_to_dev,unknown,2024-07-15 17:34:30+00:00,stable,user_rru,pipe-npuag,a2da36c2ba1ac8d4061987a9f0aaff5ceda464ef,branch_fnb,0,0,17,Monday,0,0,Afternoon,0.0,,,0.9929598972007171,0,1423,129,0,0.0,None,None,None,2024-07-15 17:34:30+00:00
pipe-tfzir,run_unit_tests,unknown,2024-06-18 09:58:06+00:00,stable,system_automation,pipe-tfzir,dd4e298cf9c7bdc1a2a4a895ebe3a0a71cadba90,branch_kyj,0,0,9,Tuesday,0,0,Morning,0.0,,,0.911518605331426,0,2710,368,0,0.0,None,None,None,2024-06-18 09:58:06+00:00
pipe-gbnnv,build_and_test,development,2024-08-15 20:19:29+00:00,stable,system_automation,pipe-gbnnv,dc3a9acadeb2fdc511acdfbecc7c6a40fe6ce585,branch_zym,0,0,20,Thursday,1,0,Evening,15.0,,,0.9563862403471314,0,190,500,0,0.15,None,None,None,2024-08-15 20:19:29+00:00
pipe-shati,build_and_test,unknown,2024-05-22 10:25:41+00:00,stable,user_rtr,pipe-shati,45d148fdb90b3ab0eceeec415b7ec6d191adfe2e,branch_lvf,0,0,10,Wednesday,0,0,Morning,0.0,,,0.9721040554666726,0,831,184,0,0.0,None,None,None,2024-05-22 10:25:41+00:00
pipe-cxksw,run_unit_tests,unknown,2024-07-02 15:21:08+00:00,rolled_back,system_automation,pipe-cxksw,f754eb805bf1d12ad604fbc5aadcfc4356bda467,branch_xbf,1,1,15,Tuesday,0,0,Afternoon,60.0,4.988578936683025,pipe-cxksw-INC,0.7131613542098058,6,296,447,1,0.6,P2 - High,Software,High,2024-07-02 15:21:08+00:00
pipe-tpdip,deploy_to_dev,unknown,2024-05-13 12:54:22+00:00,stable,system_automation,pipe-tpdip,cac12edc5af111d2c1554de076b79a7444aa3baf,branch_uyr,0,0,12,Monday,0,0,Morning,0.0,,,0.9597856033206204,0,997,463,0,0.0,None,None,None,2024-05-13 12:54:22+00:00
pipe-twwfo,deploy_to_dev,unknown,2024-01-06 16:43:00+00:00,stable,user_spr,pipe-twwfo,402fed5edc4b4faaaff7ffedd4fe7cd18aecacda,branch_quo,0,0,16,Saturday,0,1,Afternoon,10.0,,,0.9815901215463094,0,1201,469,0,0.1,None,None,None,2024-01-06 16:43:00+00:00
pipe-zqrtq,run_integration_tests,unknown,2024-08-31 12:04:12+00:00,stable,user_ujd,pipe-zqrtq,fddc23cb5fd24dedcec866dc4187248cecdc9da5,branch_fsd,0,0,12,Saturday,0,1,Morning,10.0,,,0.9067527314418053,0,1875,243,0,0.1,None,None,None,2024-08-31 12:04:12+00:00
pipe-bruex,run_unit_tests,unknown,2024-06-28 04:50:04+00:00,stable,system_automation,pipe-bruex,edc4dafdebfa7eafbde988b1398da2f1abaf1c2f,branch_ltd,0,0,4,Friday,1,0,Night,15.0,,,0.9512242971106627,0,810,271,0,0.15,None,None,None,2024-06-28 04:50:04+00:00
pipe-slgka,run_unit_tests,unknown,2024-01-26 18:33:43+00:00,stable,system_automation,pipe-slgka,b985ceb5c6ecc36293c2ce5aae7fddf0f7fe17be,branch_rwv,0,0,18,Friday,1,0,Afternoon,15.0,,,0.925855717814874,0,518,284,0,0.15,None,None,None,2024-01-26 18:33:43+00:00
pipe-fykly,run_unit_tests,unknown,2024-01-18 13:48:56+00:00,stable,system_automation,pipe-fykly,41ccbcc1b1b9c752dfc7b9a64f8dea2dfd608a47,branch_blw,0,0,13,Thursday,0,0,Afternoon,0.0,,,0.9662924451536921,0,551,521,0,0.0,None,None,None,2024-01-18 13:48:56+00:00
pipe-eckve,run_integration_tests,unknown,2024-08-29 08:49:46+00:00,stable,user_sku,pipe-eckve,44f5aaa3649d5a57032d2c3cdd63ffab5a7f9d2e,branch_wck,0,0,8,Thursday,0,0,Morning,0.0,,,0.9118677367078845,0,2818,546,0,0.0,None,None,None,2024-08-29 08:49:46+00:00
pipe-nasiy,run_unit_tests,unknown,2024-11-18 15:43:05+00:00,stable,system_automation,pipe-nasiy,a8c988fe1ed90ac7a8ae4b123b17d4ffbe3faab0,branch_egd,0,0,15,Monday,0,0,Afternoon,0.0,,,0.9937051430670507,0,2861,283,0,0.0,None,None,None,2024-11-18 15:43:05+00:00
pipe-eqhfq,run_integration_tests,unknown,2024-02-08 07:20:05+00:00,stable,user_iix,pipe-eqhfq,e7f7d814dc4aa22afea6fbab1ed0afacb7ed2e5e,branch_eel,0,0,7,Thursday,1,0,Morning,15.0,,,0.9894728581714731,0,703,583,0,0.15,None,None,None,2024-02-08 07:20:05+00:00
pipe-nqfnw,build_and_test,unknown,2024-07-08 12:47:25+00:00,stable,user_gcf,pipe-nqfnw,0c6cd9dea7663bac9a05d428e33e7cf1babd0075,branch_wnq,0,0,12,Monday,0,0,Morning,0.0,,,0.918597441987571,0,626,368,0,0.0,None,None,None,2024-07-08 12:47:25+00:00
pipe-ueszi,run_unit_tests,unknown,2024-12-16 07:03:30+00:00,rolled_back,system_automation,pipe-ueszi,d047f5dfbb6d73fdbb8ac67cfc4eef95fc3eea2f,branch_qgp,1,1,7,Monday,1,0,Morning,75.0,7.724084176620347,pipe-ueszi-INC,0.7416599681680278,1,209,267,1,0.75,P2 - High,Software,High,2024-12-16 07:03:30+00:00
pipe-ogaxw,build_and_test,unknown,2024-12-23 12:47:41+00:00,stable,user_yon,pipe-ogaxw,ded64c2cef5dc1d89a4d2ae3d763cdd2d63eef7f,branch_gzs,0,0,12,Monday,0,0,Morning,0.0,,,0.9587634974653043,0,2880,60,0,0.0,None,None,None,2024-12-23 12:47:41+00:00
pipe-oakjy,run_unit_tests,production,2024-09-14 13:09:27+00:00,stable,user_emj,pipe-oakjy,e3347e5e21f2bdddae3ffd2f6d263d7ee4cdac2c,branch_usf,0,0,13,Saturday,0,1,Afternoon,10.0,,,0.971806233663425,0,2133,389,0,0.1,None,None,None,2024-09-14 13:09:27+00:00
pipe-kruol,run_integration_tests,development,2024-03-26 03:22:59+00:00,rolled_back,system_automation,pipe-kruol,56bc9db2257d257c1cd4fd2e39dbbabbd9e78326,branch_uhl,1,1,3,Tuesday,1,0,Night,75.0,1.355780533877279,pipe-kruol-INC,0.7207429317673615,6,2294,408,1,0.75,P2 - High,Software,High,2024-03-26 03:22:59+00:00
pipe-zlwfu,run_integration_tests,development,2024-08-07 10:48:51+00:00,stable,user_fuq,pipe-zlwfu,de24dbc168a3a4edd4ec3fd748f105dd1abfa7df,branch_qcd,0,0,10,Wednesday,0,0,Morning,0.0,,,0.9156291321960975,0,907,582,0,0.0,None,None,None,2024-08-07 10:48:51+00:00
pipe-ahkzh,run_integration_tests,unknown,2024-06-10 07:41:43+00:00,stable,user_bai,pipe-ahkzh,fdde05c1ebe26d28dbbbbff6dffd745cecbbffb9,branch_zuq,0,0,7,Monday,1,0,Morning,15.0,,,0.9104151493802872,0,1940,447,0,0.15,None,None,None,2024-06-10 07:41:43+00:00
pipe-lvqjg,deploy_to_staging,unknown,2024-05-14 08:36:46+00:00,stable,system_automation,pipe-lvqjg,1a896a7deb2c0b829f2600a3d5b0b8127290820b,branch_wmh,0,0,8,Tuesday,0,0,Morning,0.0,,,0.9999765336914344,0,226,76,0,0.0,None,None,None,2024-05-14 08:36:46+00:00
pipe-glsyk,deploy_to_staging,production,2024-06-01 03:56:45+00:00,rolled_back,system_automation,pipe-glsyk,bebd2ccbeccabcde092498eee73e71f6fecd4ba7,branch_ubj,1,1,3,Saturday,1,1,Night,85.0,5.405768071117675,pipe-glsyk-INC,0.9146974588809372,4,2044,366,0,0.85,P2 - High,Software,High,2024-06-01 03:56:45+00:00
pipe-vtyqs,deploy_to_staging,unknown,2024-11-26 03:39:25+00:00,stable,system_automation,pipe-vtyqs,bf892fdc1be12733cd4a5c97a1d95ebdd1ebb0f0,branch_swf,0,0,3,Tuesday,1,0,Night,15.0,,,0.9872531749148499,0,1759,461,0,0.15,None,None,None,2024-11-26 03:39:25+00:00
pipe-rykrn,run_unit_tests,unknown,2024-05-15 14:11:37+00:00,stable,user_slm,pipe-rykrn,fb1efa950aab00c2ed8ae24ad82b281bedefbafb,branch_siy,0,0,14,Wednesday,0,0,Afternoon,0.0,,,0.9482376004629115,0,1027,328,0,0.0,None,None,None,2024-05-15 14:11:37+00:00
pipe-mkyye,deploy_to_staging,production,2024-10-01 18:48:11+00:00,stable,system_automation,pipe-mkyye,a7b62a6c5dbbcaaab7ee7c2ffadecc460c78f8cc,branch_dqj,0,0,18,Tuesday,1,0,Afternoon,15.0,,,0.9922357638546003,0,2145,291,0,0.15,None,None,None,2024-10-01 18:48:11+00:00
pipe-rjior,run_integration_tests,unknown,2024-05-04 20:39:16+00:00,stable,system_automation,pipe-rjior,b44eca1cbd9e18a3f6f4cf5983c2aa3be59b17de,branch_iao,0,0,20,Saturday,1,1,Evening,25.0,,,0.9087759382771551,0,1956,497,0,0.25,None,None,None,2024-05-04 20:39:16+00:00
pipe-dorzb,deploy_to_staging,staging,2024-01-01 09:04:56+00:00,stable,system_automation,pipe-dorzb,db0de6d07b980efcd2abaeac95b6faa9ee494dfb,branch_usu,0,0,9,Monday,0,0,Morning,0.0,,,0.9114019191334551,0,1345,390,0,0.0,None,None,None,2024-01-01 09:04:56+00:00
pipe-jdtsm,deploy_to_staging,unknown,2024-08-01 20:39:09+00:00,stable,system_automation,pipe-jdtsm,99e1eecf7a4aeaefe89a6ffecde2c677c800ecca,branch_zvx,0,0,20,Thursday,1,0,Evening,15.0,,,0.9929632187724224,0,600,427,0,0.15,None,None,None,2024-08-01 20:39:09+00:00
pipe-mtqtg,build_and_test,unknown,2024-05-02 04:12:34+00:00,stable,system_automation,pipe-mtqtg,ee68cbd080ab39bc04cf24f07b9a5f2d7d4bcea6,branch_jzg,0,0,4,Thursday,1,0,Night,15.0,,,0.9947493045044785,0,119,310,0,0.15,None,None,None,2024-05-02 04:12:34+00:00
pipe-gioqd,run_integration_tests,development,2024-01-21 03:02:04+00:00,stable,system_automation,pipe-gioqd,2fec06bf0e7a70d9421cfec9db0f6bc5eac9cd6b,branch_oea,0,0,3,Sunday,1,1,Night,25.0,,,0.9314717447465364,0,2816,210,0,0.25,None,None,None,2024-01-21 03:02:04+00:00
pipe-fxcbz,deploy_to_dev,unknown,2024-07-10 20:01:08+00:00,stable,system_automation,pipe-fxcbz,fbaddc1b3b35ec1ec9a9eefd437ce5bd8d28e3b8,branch_bga,0,0,20,Wednesday,1,0,Evening,15.0,,,0.9355164886993872,0,880,340,0,0.15,None,None,None,2024-07-10 20:01:08+00:00
pipe-acoca,deploy_to_dev,staging,2024-12-14 19:23:16+00:00,stable,user_sde,pipe-acoca,ee6381ce43ae8a9fa8f6ed0ab2345f1defbb9b3b,branch_fxl,0,0,19,Saturday,1,1,Evening,25.0,,,0.9452450234834758,0,940,577,0,0.25,None,None,None,2024-12-14 19:23:16+00:00
pipe-tbtaf,deploy_to_staging,unknown,2024-11-20 01:16:53+00:00,stable,user_hkc,pipe-tbtaf,ebacb5133bcd8a30dfea196b5adbb683217d5c59,branch_wnm,0,0,1,Wednesday,1,0,Night,15.0,,,0.9416161680067291,0,2059,385,0,0.15,None,None,None,2024-11-20 01:16:53+00:00
pipe-lidao,deploy_to_dev,unknown,2024-03-22 19:10:59+00:00,stable,system_automation,pipe-lidao,2ef454a108d9acfcc5bcfeadfdcc3e64a8a1bf0a,branch_vym,0,0,19,Friday,1,0,Evening,15.0,,,0.9190045215959597,0,802,441,0,0.15,None,None,None,2024-03-22 19:10:59+00:00
pipe-eldsb,run_unit_tests,unknown,2024-04-29 15:48:41+00:00,stable,system_automation,pipe-eldsb,f2e963b7fd25f1dbedb76a43a0ff18bdd0aabab1,branch_ykv,0,0,15,Monday,0,0,Afternoon,0.0,,,0.9898375383939375,0,1158,127,0,0.0,None,None,None,2024-04-29 15:48:41+00:00
pipe-cunlf,run_integration_tests,unknown,2024-02-15 21:32:54+00:00,stable,user_arn,pipe-cunlf,f4ebc0e54bd1adeff13b0fc9c5b6ed4a58e71c10,branch_fme,0,0,21,Thursday,1,0,Evening,15.0,,,0.9253307600705644,0,2147,593,0,0.15,None,None,None,2024-02-15 21:32:54+00:00
pipe-ykfjf,build_and_test,development,2024-11-02 21:57:50+00:00,stable,user_vga,pipe-ykfjf,abdaeefcbcec409a3fd72dcaf2ddac796d7d08dc,branch_qas,0,0,21,Saturday,1,1,Evening,25.0,,,0.9705272409477652,0,1806,192,0,0.25,None,None,None,2024-11-02 21:57:50+00:00
pipe-krbcs,build_and_test,staging,2024-10-11 05:51:24+00:00,stable,system_automation,pipe-krbcs,5452f241b6a6afce59f678db9fb0ccdbeac3c20f,branch_iee,0,0,5,Friday,1,0,Night,15.0,,,0.9067155677734973,0,1986,584,0,0.15,None,None,None,2024-10-11 05:51:24+00:00
pipe-gzyxi,deploy_to_dev,unknown,2024-06-08 11:42:00+00:00,stable,user_ssi,pipe-gzyxi,185f09e38c31fccffab8e6d693b3899cb1ba7db3,branch_orr,0,0,11,Saturday,0,1,Morning,10.0,,,0.903875133152843,0,63,300,0,0.1,None,None,None,2024-06-08 11:42:00+00:00
pipe-etxqd,build_and_test,unknown,2024-11-20 10:21:33+00:00,rolled_back,system_automation,pipe-etxqd,ed0ccaf4f2bf0caef2f91ff1a7afb9a84ac9a3dd,branch_kxo,1,1,10,Wednesday,0,0,Morning,60.0,6.5154484023929315,pipe-etxqd-INC,0.7981360364424497,7,1381,556,1,0.6,P2 - High,Software,High,2024-11-20 10:21:33+00:00
pipe-tkqvz,deploy_to_staging,unknown,2024-08-29 23:36:53+00:00,stable,system_automation,pipe-tkqvz,22c92d6ec9f777efabeb53cceb81d8efffc2eecf,branch_fqu,0,0,23,Thursday,1,0,Evening,15.0,,,0.9339015857573261,0,1452,541,0,0.15,None,None,None,2024-08-29 23:36:53+00:00
pipe-gdihx,run_unit_tests,unknown,2024-05-12 10:35:45+00:00,rolled_back,user_ucl,pipe-gdihx,d4fddffdbf19aa56f58123ef3ec7df5d861a55ac,branch_vwn,1,1,10,Sunday,0,1,Morning,70.0,6.669373179630737,pipe-gdihx-INC,0.8346886218906695,2,1915,467,1,0.7,P2 - High,Software,High,2024-05-12 10:35:45+00:00
pipe-pqjpj,run_unit_tests,unknown,2024-03-28 20:16:54+00:00,rolled_back,user_vsj,pipe-pqjpj,1ddf100cd830bef9c52aec6c9efeb6a25abd58d8,branch_dmj,1,1,20,Thursday,1,0,Evening,75.0,0.7772804540088067,pipe-pqjpj-INC,0.7077387160805723,3,496,554,1,0.75,P2 - High,Software,High,2024-03-28 20:16:54+00:00
pipe-enoqb,run_integration_tests,unknown,2024-07-31 23:08:49+00:00,stable,user_fxq,pipe-enoqb,d2a4ddea8e9f2de2daab447cec2456dbfdcdb4dd,branch_dbn,0,0,23,Wednesday,1,0,Evening,15.0,,,0.9949851379915864,0,520,389,0,0.15,None,None,None,2024-07-31 23:08:49+00:00
pipe-lypqt,run_unit_tests,unknown,2024-03-11 04:14:23+00:00,stable,system_automation,pipe-lypqt,c9abf33be1be6dde5a8dc406deabefbf7d6d3efd,branch_xzq,0,0,4,Monday,1,0,Night,15.0,,,0.9748514466893096,0,2299,518,0,0.15,None,None,None,2024-03-11 04:14:23+00:00
pipe-nbzxs,deploy_to_dev,unknown,2024-08-14 12:42:00+00:00,stable,user_quf,pipe-nbzxs,16d4bbc6f8d34dbd0455cce0a1ca0ebbcaea8f7f,branch_zxs,0,0,12,Wednesday,0,0,Morning,0.0,,,0.98762672330258,0,2036,152,0,0.0,None,None,None,2024-08-14 12:42:00+00:00
pipe-wwzke,run_unit_tests,unknown,2024-09-27 21:39:52+00:00,stable,user_voe,pipe-wwzke,cf8aae3d1e8aa62dd7fe2eebdfc4e6199dacdbea,branch_vxo,0,0,21,Friday,1,0,Evening,15.0,,,0.9136470554044511,0,2442,97,0,0.15,None,None,None,2024-09-27 21:39:52+00:00
pipe-iolmh,run_integration_tests,unknown,2024-12-28 02:51:26+00:00,stable,system_automation,pipe-iolmh,9ea0642ecc72ef2db9dafad9cd829fd6cb52cfbb,branch_kzm,0,0,2,Saturday,1,1,Night,25.0,,,0.932016096889287,0,848,353,0,0.25,None,None,None,2024-12-28 02:51:26+00:00
pipe-ttqbr,build_and_test,staging,2024-09-24 04:27:37+00:00,rolled_back,system_automation,pipe-ttqbr,929115e4afe2a0eafa65f1b42dd8dd4cfe2aa1cc,branch_oso,1,1,4,Tuesday,1,0,Night,75.0,6.302905120637197,pipe-ttqbr-INC,0.9059589249608432,3,2992,497,0,0.75,P2 - High,Software,High,2024-09-24 04:27:37+00:00
pipe-jakwz,deploy_to_dev,unknown,2024-03-03 00:51:09+00:00,rolled_back,system_automation,pipe-jakwz,c94fefcbddc622bfff19aeea1eacd43073cf32e6,branch_tbb,1,1,0,Sunday,1,1,Night,85.0,6.990924110417471,pipe-jakwz-INC,0.9149824005811587,4,854,473,0,0.85,P2 - High,Software,High,2024-03-03 00:51:09+00:00
pipe-vsuxs,deploy_to_dev,unknown,2024-07-02 20:45:52+00:00,rolled_back,system_automation,pipe-vsuxs,7badc829a2afe29dabc12acac5c7b2af0dc7b51f,branch_bfq,1,1,20,Tuesday,1,0,Evening,75.0,6.045736013573824,pipe-vsuxs-INC,0.7519992957843797,4,1970,345,1,0.75,P2 - High,Software,High,2024-07-02 20:45:52+00:00
pipe-tscrr,deploy_to_staging,unknown,2024-04-06 14:13:52+00:00,stable,system_automation,pipe-tscrr,1aadb76194dfc62fee9ecdb1541b7dd59dcbb4ea,branch_vkt,0,0,14,Saturday,0,1,Afternoon,10.0,,,0.9060630742189405,0,528,341,0,0.1,None,None,None,2024-04-06 14:13:52+00:00
pipe-wnjaq,build_and_test,staging,2024-02-03 10:36:12+00:00,stable,user_ysu,pipe-wnjaq,dc7ad02d1be9b7efaf44d7edd1d67d99afc2d2f4,branch_oem,0,0,10,Saturday,0,1,Morning,10.0,,,0.9368878380737471,0,2759,389,0,0.1,None,None,None,2024-02-03 10:36:12+00:00
pipe-elvym,run_integration_tests,unknown,2024-12-23 08:58:00+00:00,rolled_back,user_hek,pipe-elvym,9ca9eab8dda3aa0d3967b82cba776592da136d43,branch_ksb,1,1,8,Monday,0,0,Morning,60.0,2.2590136283097393,pipe-elvym-INC,0.7139322653145628,6,1030,528,1,0.6,P2 - High,Software,High,2024-12-23 08:58:00+00:00
pipe-ocmjb,deploy_to_dev,unknown,2024-03-14 06:16:44+00:00,stable,user_lhi,pipe-ocmjb,3ef4a97fab246bf0d3ca303179e4d1dccccfe4cf,branch_mma,0,0,6,Thursday,1,0,Night,15.0,,,0.9385921291463215,0,2417,514,0,0.15,None,None,None,2024-03-14 06:16:44+00:00
pipe-csnma,run_unit_tests,unknown,2024-07-18 10:08:34+00:00,stable,system_automation,pipe-csnma,a71817d3861f4999dac6bdf8dbef8b46ecaaed08,branch_rpa,0,0,10,Thursday,0,0,Morning,0.0,,,0.9196959542620027,0,1027,119,0,0.0,None,None,None,2024-07-18 10:08:34+00:00
pipe-ksrqs,build_and_test,production,2024-11-19 18:09:50+00:00,rolled_back,user_pvn,pipe-ksrqs,d13c6edecebfb85ad67f9a9cb68a7c1a18df0ed1,branch_sec,1,1,18,Tuesday,1,0,Afternoon,75.0,0.5337509370474434,pipe-ksrqs-INC,0.9007387351850412,5,2383,381,0,0.75,P2 - High,Software,High,2024-11-19 18:09:50+00:00
pipe-dpfbn,run_unit_tests,unknown,2024-07-04 01:39:22+00:00,stable,user_tzq,pipe-dpfbn,deac7e438a2caf7ce6f5abac3ef6cbe75958ff2a,branch_kna,0,0,1,Thursday,1,0,Night,15.0,,,0.9626952340432269,0,1389,265,0,0.15,None,None,None,2024-07-04 01:39:22+00:00
pipe-sscko,deploy_to_staging,staging,2024-06-13 19:03:48+00:00,stable,system_automation,pipe-sscko,eb62312e395ad6ddbd7acce77eaa5e6c2613c65f,branch_vlh,0,0,19,Thursday,1,0,Evening,15.0,,,0.9388153834578066,0,234,491,0,0.15,None,None,None,2024-06-13 19:03:48+00:00
pipe-vvqkw,build_and_test,unknown,2024-07-23 12:37:12+00:00,stable,system_automation,pipe-vvqkw,efce024d6230beac1b31ee68afa5cd543a2600b6,branch_jxo,0,0,12,Tuesday,0,0,Morning,0.0,,,0.9345383393169492,0,611,333,0,0.0,None,None,None,2024-07-23 12:37:12+00:00
pipe-azhtn,run_unit_tests,unknown,2024-05-25 15:28:36+00:00,stable,user_yve,pipe-azhtn,a271cebfa96f867bc66cfecda87adae5dd9b44bb,branch_gme,0,0,15,Saturday,0,1,Afternoon,10.0,,,0.9533905632722373,0,2066,595,0,0.1,None,None,None,2024-05-25 15:28:36+00:00
pipe-pzcyz,deploy_to_staging,unknown,2024-12-27 07:39:51+00:00,stable,system_automation,pipe-pzcyz,3f96d56b32ca6822a0aacfcbffa83da2404f5091,branch_ltg,0,0,7,Friday,1,0,Morning,15.0,,,0.9771860540843926,0,619,293,0,0.15,None,None,None,2024-12-27 07:39:51+00:00
pipe-kyfqx,run_integration_tests,unknown,2024-05-24 21:03:38+00:00,rolled_back,system_automation,pipe-kyfqx,5cf9b16ddf13107fa88240bae68ed010f6acadfc,branch_wje,1,1,21,Friday,1,0,Evening,75.0,5.537096066418941,pipe-kyfqx-INC,0.8901101024223995,6,862,426,0,0.75,P2 - High,Software,High,2024-05-24 21:03:38+00:00
pipe-fycwn,deploy_to_staging,production,2024-12-02 09:15:09+00:00,stable,system_automation,pipe-fycwn,5e0eafa6b39fb805fd2d98eedbe68c7aec3b59e2,branch_qyv,0,0,9,Monday,0,0,Morning,0.0,,,0.958751949255584,0,1648,118,0,0.0,None,None,None,2024-12-02 09:15:09+00:00
pipe-fcfqb,run_integration_tests,unknown,2024-02-09 16:26:27+00:00,rolled_back,system_automation,pipe-fcfqb,4659cbbe75adbaede71181d9ecfe2ae9948e3c56,branch_qze,1,1,16,Friday,0,0,Afternoon,60.0,6.895858472239345,pipe-fcfqb-INC,0.7765381706664503,3,796,563,1,0.6,P2 - High,Software,High,2024-02-09 16:26:27+00:00
pipe-pbsut,run_integration_tests,unknown,2024-02-25 07:00:08+00:00,stable,system_automation,pipe-pbsut,49c9d1a9efbeb1bf2c3f628b0627f3fb9e16eda7,branch_mjx,0,0,7,Sunday,1,1,Morning,25.0,,,0.952198011411805,0,430,142,0,0.25,None,None,None,2024-02-25 07:00:08+00:00
pipe-cfqsw,deploy_to_staging,unknown,2024-12-02 22:36:39+00:00,stable,system_automation,pipe-cfqsw,205965f1be5c2cfae4d4f7ae4e7b00cfaf401766,branch_gpk,0,0,22,Monday,1,0,Evening,15.0,,,0.9909797576517545,0,1891,264,0,0.15,None,None,None,2024-12-02 22:36:39+00:00
pipe-ggqby,build_and_test,staging,2024-10-30 13:27:21+00:00,rolled_back,user_gqz,pipe-ggqby,ada247e13a05000cafcb077d897e1ededded52da,branch_ngu,1,1,13,Wednesday,0,0,Afternoon,60.0,2.7420773833917913,pipe-ggqby-INC,0.7963251444486842,3,2082,512,1,0.6,P2 - High,Software,High,2024-10-30 13:27:21+00:00
pipe-svmne,build_and_test,unknown,2024-10-08 14:29:46+00:00,rolled_back,user_tqb,pipe-svmne,c7cdd10a0e049fe6eabd6bb33fb09bc6b3cd0f61,branch_hpz,1,1,14,Tuesday,0,0,Afternoon,60.0,4.927401881623617,pipe-svmne-INC,0.9080526034013842,4,2212,582,0,0.6,P2 - High,Software,High,2024-10-08 14:29:46+00:00
pipe-zjyzl,deploy_to_dev,unknown,2024-05-23 04:18:03+00:00,rolled_back,user_iue,pipe-zjyzl,e8a3c051c59b4ac6427c1336f935cf2e8e0284bf,branch_pic,1,1,4,Thursday,1,0,Night,75.0,3.4770505081087557,pipe-zjyzl-INC,0.7832281609221513,7,2834,321,1,0.75,P2 - High,Software,High,2024-05-23 04:18:03+00:00
pipe-nkshw,deploy_to_dev,unknown,2024-10-04 08:06:37+00:00,rolled_back,user_cxl,pipe-nkshw,fad42d92fa21f3c25aec1bf499f2d12f0b950bd7,branch_kbq,1,1,8,Friday,0,0,Morning,60.0,2.561187880663003,pipe-nkshw-INC,0.8695701070063815,7,417,321,0,0.6,P2 - High,Software,High,2024-10-04 08:06:37+00:00
pipe-qvajz,deploy_to_dev,staging,2024-04-26 18:01:39+00:00,stable,user_cfv,pipe-qvajz,d587faa2afcae21ffbb94a5ef6cdc8cea6a3eef9,branch_xjy,0,0,18,Friday,1,0,Afternoon,15.0,,,0.99867119124482,0,1309,86,0,0.15,None,None,None,2024-04-26 18:01:39+00:00
pipe-sfqkd,run_integration_tests,unknown,2024-11-28 22:52:21+00:00,stable,system_automation,pipe-sfqkd,1fc0e2e7fdeee491c8ead8c7a00e8fcab8bf780e,branch_dus,0,0,22,Thursday,1,0,Evening,15.0,,,0.9458376291161512,0,740,588,0,0.15,None,None,None,2024-11-28 22:52:21+00:00
pipe-wlbef,run_unit_tests,unknown,2024-05-21 22:55:16+00:00,stable,user_hel,pipe-wlbef,bbed47b5beb5a1f75b92363f48ae4edef8f28ca4,branch_vwp,0,0,22,Tuesday,1,0,Evening,15.0,,,0.9092785454126739,0,2708,68,0,0.15,None,None,None,2024-05-21 22:55:16+00:00
pipe-tpkhi,deploy_to_dev,unknown,2024-11-25 04:26:39+00:00,rolled_back,user_ixh,pipe-tpkhi,9c79fe9dfb91e8e9d6ae592c0fc15cf9d7ff2ba6,branch_yig,1,1,4,Monday,1,0,Night,75.0,3.0644520390924526,pipe-tpkhi-INC,0.8437022147050202,2,1642,74,1,0.75,P2 - High,Software,High,2024-11-25 04:26:39+00:00
pipe-ujrok,deploy_to_staging,production,2024-12-02 11:55:03+00:00,stable,system_automation,pipe-ujrok,faffc02f5a8c9ef309d244ea25e2ed3abdbf9e5d,branch_ayv,0,0,11,Monday,0,0,Morning,0.0,,,0.9126563792123961,0,340,315,0,0.0,None,None,None,2024-12-02 11:55:03+00:00
pipe-efven,run_unit_tests,production,2024-07-10 00:17:46+00:00,stable,user_wnv,pipe-efven,a30ca35aafcecedc4a9c1a9aab9d13f7353fcc76,branch_uxt,0,0,0,Wednesday,1,0,Night,15.0,,,0.9751519560279394,0,2091,61,0,0.15,None,None,None,2024-07-10 00:17:46+00:00
pipe-ohxgh,run_integration_tests,unknown,2024-09-07 06:42:11+00:00,stable,system_automation,pipe-ohxgh,df3d43cbd96a371baf5d481ae2ce985ea9dbf570,branch_mvx,0,0,6,Saturday,1,1,Night,25.0,,,0.9507676997461778,0,176,148,0,0.25,None,None,None,2024-09-07 06:42:11+00:00
pipe-zuuqr,run_unit_tests,unknown,2024-05-22 12:28:34+00:00,stable,system_automation,pipe-zuuqr,61b3c0d3bef9da1e5897bf3bc6a0fdf2c8a8f68d,branch_opx,0,0,12,Wednesday,0,0,Morning,0.0,,,0.9723431368377287,0,858,398,0,0.0,None,None,None,2024-05-22 12:28:34+00:00
pipe-oicro,run_integration_tests,unknown,2024-01-12 01:35:14+00:00,rolled_back,system_automation,pipe-oicro,18aaedb16d1501e6fdae03a6b88dcaedda55d2a9,branch_yqt,1,1,1,Friday,1,0,Night,75.0,3.5595646334846163,pipe-oicro-INC,0.7371520691547973,2,2178,440,1,0.75,P2 - High,Software,High,2024-01-12 01:35:14+00:00
pipe-brhwg,run_unit_tests,unknown,2024-01-12 22:50:57+00:00,stable,system_automation,pipe-brhwg,bc9bb5d143e99d0eacda97eac3efa0dc7ae56bac,branch_bah,0,0,22,Friday,1,0,Evening,15.0,,,0.9628948017162777,0,1542,221,0,0.15,None,None,None,2024-01-12 22:50:57+00:00
pipe-prymx,run_integration_tests,development,2024-09-26 13:11:43+00:00,rolled_back,user_lkq,pipe-prymx,b6a8a08fd1fdf6040b4e32f210d01fd55d8a4aef,branch_lnr,1,1,13,Thursday,0,0,Afternoon,60.0,4.811539472172752,pipe-prymx-INC,0.7413387873880248,4,2295,489,1,0.6,P2 - High,Software,High,2024-09-26 13:11:43+00:00
pipe-pmnmj,run_unit_tests,unknown,2024-04-14 04:48:14+00:00,stable,system_automation,pipe-pmnmj,4ee63fb4ac80b3faececa0f63ffe092fa4f1f9a3,branch_lyu,0,0,4,Sunday,1,1,Night,25.0,,,0.9754570295439631,0,1735,388,0,0.25,None,None,None,2024-04-14 04:48:14+00:00
pipe-kiguy,deploy_to_dev,unknown,2024-08-22 17:24:28+00:00,rolled_back,user_muv,pipe-kiguy,da8d496a45aa8ec68e792bac2eecdda8c8b19fa5,branch_yps,1,1,17,Thursday,0,0,Afternoon,60.0,5.756607575904939,pipe-kiguy-INC,0.8094824945203833,2,2537,183,1,0.6,P2 - High,Software,High,2024-08-22 17:24:28+00:00
pipe-fewxp,build_and_test,unknown,2024-03-07 01:27:59+00:00,stable,user_bdn,pipe-fewxp,3eafb973e3963ebdf91c494fddebbe166e4ba9b5,branch_nqc,0,0,1,Thursday,1,0,Night,15.0,,,0.9869053786277002,0,1709,444,0,0.15,None,None,None,2024-03-07 01:27:59+00:00
pipe-qvdxv,run_integration_tests,staging,2024-06-15 08:38:55+00:00,rolled_back,system_automation,pipe-qvdxv,9bc0001d23cb8b7ebd16ed40afebffe95e97be8e,branch_ogo,1,1,8,Saturday,0,1,Morning,70.0,3.442768196913455,pipe-qvdxv-INC,0.8118024412512138,4,217,379,1,0.7,P2 - High,Software,High,2024-06-15 08:38:55+00:00
pipe-uhmws,run_integration_tests,development,2024-04-10 08:13:10+00:00,rolled_back,user_sue,pipe-uhmws,92c04df02542aefa9d9aaba64efa98b601052de7,branch_vgx,1,1,8,Wednesday,0,0,Morning,60.0,7.364740702141661,pipe-uhmws-INC,0.7960668476545447,2,260,498,1,0.6,P2 - High,Software,High,2024-04-10 08:13:10+00:00
pipe-nfsvv,build_and_test,unknown,2024-07-19 22:43:32+00:00,stable,user_ndo,pipe-nfsvv,f895adcdab3ff37bac41fc5663fecca8adbe4154,branch_eun,0,0,22,Friday,1,0,Evening,15.0,,,0.9216269309797551,0,2341,143,0,0.15,None,None,None,2024-07-19 22:43:32+00:00
pipe-vfypn,deploy_to_dev,unknown,2024-11-02 04:20:38+00:00,rolled_back,system_automation,pipe-vfypn,c03470584dae55b96eaa836eee17979bac1dcaff,branch_zbj,1,1,4,Saturday,1,1,Night,85.0,1.5077518498479612,pipe-vfypn-INC,0.806981734787528,1,163,184,1,0.85,P2 - High,Software,High,2024-11-02 04:20:38+00:00
pipe-dtowh,build_and_test,unknown,2024-07-30 19:20:41+00:00,stable,user_kfa,pipe-dtowh,a4a0a86346be4e17bacd731b77dbcfa0bac4bcba,branch_obt,0,0,19,Tuesday,1,0,Evening,15.0,,,0.9648397685203361,0,1160,223,0,0.15,None,None,None,2024-07-30 19:20:41+00:00
pipe-lnhru,run_unit_tests,unknown,2024-06-06 14:40:04+00:00,rolled_back,system_automation,pipe-lnhru,afbbeb42db5deaec2251ef4d0ee1aa0dd711dad3,branch_hye,1,1,14,Thursday,0,0,Afternoon,60.0,1.0037500163582518,pipe-lnhru-INC,0.7927885337972035,7,97,244,1,0.6,P2 - High,Software,High,2024-06-06 14:40:04+00:00
pipe-ynaeh,deploy_to_staging,production,2024-04-22 01:46:20+00:00,stable,user_jdj,pipe-ynaeh,64adadfdc21ba14dddb50eaf5f7efdbcf4f5abcc,branch_oyt,0,0,1,Monday,1,0,Night,15.0,,,0.9188104228121351,0,944,539,0,0.15,None,None,None,2024-04-22 01:46:20+00:00
pipe-vgmxj,build_and_test,unknown,2024-03-30 14:14:28+00:00,rolled_back,system_automation,pipe-vgmxj,8d2bb898ec2ef14d1e915dd1acfdfda852e3a8a0,branch_gse,1,1,14,Saturday,0,1,Afternoon,70.0,0.6325158574993415,pipe-vgmxj-INC,0.8304504588529156,3,1805,455,1,0.7,P2 - High,Software,High,2024-03-30 14:14:28+00:00
pipe-zthgz,deploy_to_dev,unknown,2024-04-23 04:52:48+00:00,stable,user_kwg,pipe-zthgz,b8f817bf3c8d9ffcfde85c29aa20bcc6df64a2e2,branch_thg,0,0,4,Tuesday,1,0,Night,15.0,,,0.9703777694540224,0,560,353,0,0.15,None,None,None,2024-04-23 04:52:48+00:00
pipe-dbcfy,run_integration_tests,unknown,2024-12-19 22:03:24+00:00,stable,system_automation,pipe-dbcfy,c29fad1eaceb35293b33a2ba78e3a44fc55fe75d,branch_huw,0,0,22,Thursday,1,0,Evening,15.0,,,0.9204359545211639,0,1424,351,0,0.15,None,None,None,2024-12-19 22:03:24+00:00
pipe-rbjuv,build_and_test,unknown,2024-10-23 17:13:42+00:00,stable,system_automation,pipe-rbjuv,b08fc4ad1ffae64a1115bbcbccd1cdd3dacaf339,branch_dxh,0,0,17,Wednesday,0,0,Afternoon,0.0,,,0.9093582945338373,0,2988,538,0,0.0,None,None,None,2024-10-23 17:13:42+00:00
pipe-pwfoh,deploy_to_staging,unknown,2024-02-11 20:18:29+00:00,stable,system_automation,pipe-pwfoh,cceed0485eed3bf9a94d82fdfd84ddd90b054a56,branch_yje,0,0,20,Sunday,1,1,Evening,25.0,,,0.9888028758227551,0,257,301,0,0.25,None,None,None,2024-02-11 20:18:29+00:00
pipe-bhedj,run_integration_tests,development,2024-08-29 20:28:26+00:00,stable,user_quq,pipe-bhedj,d5fc05ae4bec7fea3af78e10af3fdd9cb8aa7bf1,branch_ges,0,0,20,Thursday,1,0,Evening,15.0,,,0.9764210349580117,0,237,181,0,0.15,None,None,None,2024-08-29 20:28:26+00:00
pipe-iyrcg,run_unit_tests,unknown,2024-05-13 09:39:07+00:00,stable,user_trc,pipe-iyrcg,af3e21debfffbbbac5bbca49ae4e2fd1a3c1d3e7,branch_xda,0,0,9,Monday,0,0,Morning,0.0,,,0.9199794930658133,0,850,133,0,0.0,None,None,None,2024-05-13 09:39:07+00:00
pipe-lphmg,run_integration_tests,unknown,2024-11-11 00:33:05+00:00,stable,user_fxh,pipe-lphmg,d86ea6d9b7ae02b45db3f6ff5f23db2cac0b564e,branch_mjy,0,0,0,Monday,1,0,Night,15.0,,,0.9292311543429992,0,2489,238,0,0.15,None,None,None,2024-11-11 00:33:05+00:00
pipe-xqkox,run_integration_tests,unknown,2024-04-05 03:03:35+00:00,stable,user_ufq,pipe-xqkox,2e0d0a5a0abdbce23c534c55c073aa319dc9c9bb,branch_jei,0,0,3,Friday,1,0,Night,15.0,,,0.9972070177130886,0,1247,412,0,0.15,None,None,None,2024-04-05 03:03:35+00:00
pipe-vrguf,deploy_to_staging,unknown,2024-12-24 06:41:06+00:00,stable,user_bug,pipe-vrguf,bb0dcddd74c3bd66d3bfa0eab8d05cb0e35b921d,branch_qos,0,0,6,Tuesday,1,0,Night,15.0,,,0.9708184486759117,0,1936,314,0,0.15,None,None,None,2024-12-24 06:41:06+00:00
pipe-emhuj,deploy_to_staging,unknown,2024-12-27 18:00:01+00:00,stable,user_pst,pipe-emhuj,da2fcf1b54ff4b3bca0849fb3581fba7572db33e,branch_iol,0,0,18,Friday,1,0,Afternoon,15.0,,,0.9610522004213825,0,149,287,0,0.15,None,None,None,2024-12-27 18:00:01+00:00
pipe-tgkxa,run_unit_tests,unknown,2024-06-19 04:13:25+00:00,stable,system_automation,pipe-tgkxa,c7fbeacbae1ede3bf6eb2aae41073c52cbc5abec,branch_gdw,0,0,4,Wednesday,1,0,Night,15.0,,,0.9307628485424131,0,2218,319,0,0.15,None,None,None,2024-06-19 04:13:25+00:00
pipe-ureyw,build_and_test,development,2024-01-31 00:30:41+00:00,rolled_back,system_automation,pipe-ureyw,13edebc4ad344888d9b66edadccfe4b97aebccdd,branch_cke,1,1,0,Wednesday,1,0,Night,75.0,7.317986108172114,pipe-ureyw-INC,0.7941973699719521,6,248,586,1,0.75,P2 - High,Software,High,2024-01-31 00:30:41+00:00
pipe-ysule,run_unit_tests,production,2024-07-16 12:59:35+00:00,stable,user_zir,pipe-ysule,bea933ce647dc3130bc2fb364aaeb4a5fefb2c92,branch_idq,0,0,12,Tuesday,0,0,Morning,0.0,,,0.9039523618690231,0,2149,598,0,0.0,None,None,None,2024-07-16 12:59:35+00:00
pipe-yoosq,run_unit_tests,unknown,2024-05-27 17:28:09+00:00,stable,user_sat,pipe-yoosq,7ddd7bcbb4ea4dfd9a40d4c5deaa6cbffe1caeed,branch_qsz,0,0,17,Monday,0,0,Afternoon,0.0,,,0.9728481866901931,0,486,147,0,0.0,None,None,None,2024-05-27 17:28:09+00:00
pipe-rcnmi,build_and_test,unknown,2024-03-09 21:41:57+00:00,stable,user_ykj,pipe-rcnmi,ba4b5dcf94500ba2faeb3eb0e5272e047c870cdc,branch_cnr,0,0,21,Saturday,1,1,Evening,25.0,,,0.9043175225056884,0,2582,121,0,0.25,None,None,None,2024-03-09 21:41:57+00:00
pipe-avcym,run_integration_tests,unknown,2024-04-04 23:57:57+00:00,stable,user_uxe,pipe-avcym,8afd7f4cdb4b6fef8b8bd9dafcfcd3cd7bd2bed7,branch_kmb,0,0,23,Thursday,1,0,Evening,15.0,,,0.9004857337777279,0,923,191,0,0.15,None,None,None,2024-04-04 23:57:57+00:00
pipe-ecdyu,deploy_to_dev,unknown,2024-01-30 19:07:34+00:00,stable,user_ybi,pipe-ecdyu,eab7660c721dd1bffb2d60cfb3feeafb87a9b395,branch_imi,0,0,19,Tuesday,1,0,Evening,15.0,,,0.972949508786098,0,592,520,0,0.15,None,None,None,2024-01-30 19:07:34+00:00
pipe-pjhsi,deploy_to_dev,production,2024-05-31 21:58:20+00:00,rolled_back,user_lwl,pipe-pjhsi,fdf8aea79faafbe069ffbcd1a4d217f57dc6da2d,branch_pjo,1,1,21,Friday,1,0,Evening,75.0,2.310290462199972,pipe-pjhsi-INC,0.8478079214950949,7,1043,308,1,0.75,P2 - High,Software,High,2024-05-31 21:58:20+00:00
pipe-vpvww,deploy_to_dev,unknown,2024-05-12 01:12:53+00:00,stable,system_automation,pipe-vpvww,34a0e9febb330ccda877d084510e9fc2bb3b4edc,branch_dzm,0,0,1,Sunday,1,1,Night,25.0,,,0.9756503047727311,0,52,526,0,0.25,None,None,None,2024-05-12 01:12:53+00:00
pipe-wozel,run_unit_tests,unknown,2024-08-09 16:08:35+00:00,stable,system_automation,pipe-wozel,dcb29b9ed085b1f9b0eaa3daea8f81868d21baab,branch_tud,0,0,16,Friday,0,0,Afternoon,0.0,,,0.9471640190624379,0,537,409,0,0.0,None,None,None,2024-08-09 16:08:35+00:00
pipe-shtdv,run_unit_tests,development,2024-08-06 21:35:24+00:00,rolled_back,user_cae,pipe-shtdv,7fdacaca6c898de0aecde29e12c9125f5befad9e,branch_ucj,1,1,21,Tuesday,1,0,Evening,75.0,7.057357739681056,pipe-shtdv-INC,0.7935179888531089,6,1815,358,1,0.75,P2 - High,Software,High,2024-08-06 21:35:24+00:00
pipe-ycykz,build_and_test,unknown,2024-12-13 07:06:51+00:00,stable,system_automation,pipe-ycykz,23bbd88bc5cfde4f8df8f33c2b4dddc6ffdf56fb,branch_ddj,0,0,7,Friday,1,0,Morning,15.0,,,0.9436136422649105,0,937,212,0,0.15,None,None,None,2024-12-13 07:06:51+00:00
pipe-buiwg,deploy_to_dev,unknown,2024-11-18 09:33:30+00:00,rolled_back,user_zzb,pipe-buiwg,b48ddc51c29ac93dd0b185a1cd8bec04ebe07267,branch_bly,1,1,9,Monday,0,0,Morning,60.0,4.711170458107885,pipe-buiwg-INC,0.8112677092434031,6,1093,245,1,0.6,P2 - High,Software,High,2024-11-18 09:33:30+00:00
pipe-omnjw,run_integration_tests,unknown,2024-09-01 12:30:00+00:00,rolled_back,system_automation,pipe-omnjw,1e64c5cb34cabd0a996ee5e22d5d0b3f109be84d,branch_auk,1,1,12,Sunday,0,1,Morning,70.0,6.439808188560305,pipe-omnjw-INC,0.8620460804854613,1,2431,139,0,0.7,P2 - High,Software,High,2024-09-01 12:30:00+00:00
pipe-qwnwl,deploy_to_staging,unknown,2024-03-13 14:17:13+00:00,stable,system_automation,pipe-qwnwl,6b2b8c12ec7a0dcbf9d69743e20275d4d9ad05c7,branch_cbn,0,0,14,Wednesday,0,0,Afternoon,0.0,,,0.9431150957141116,0,415,340,0,0.0,None,None,None,2024-03-13 14:17:13+00:00
pipe-khyrz,deploy_to_staging,unknown,2024-05-19 06:39:06+00:00,stable,system_automation,pipe-khyrz,bca41a3fbb027cd151b3e7d04cef1dd14a072caa,branch_gyu,0,0,6,Sunday,1,1,Night,25.0,,,0.9598167880040774,0,1217,211,0,0.25,None,None,None,2024-05-19 06:39:06+00:00
pipe-fulak,deploy_to_dev,unknown,2024-12-08 22:07:20+00:00,rolled_back,user_cnq,pipe-fulak,d77f0ffeea9acaad83398574bc71ffc73ddadcff,branch_iue,1,1,22,Sunday,1,1,Evening,85.0,4.071929814400443,pipe-fulak-INC,0.8639448454118224,7,599,217,0,0.85,P2 - High,Software,High,2024-12-08 22:07:20+00:00
pipe-onliv,run_unit_tests,staging,2024-09-28 16:50:50+00:00,stable,user_fvs,pipe-onliv,adbba28dd58cb70ca604a81b0ec5a20bca1f0515,branch_fkk,0,0,16,Saturday,0,1,Afternoon,10.0,,,0.999500941732381,0,1474,81,0,0.1,None,None,None,2024-09-28 16:50:50+00:00
pipe-tsvdm,run_integration_tests,unknown,2024-11-03 00:47:51+00:00,stable,system_automation,pipe-tsvdm,1e18dcb5dba00bd15ef47ed1a65533360b059ca8,branch_cry,0,0,0,Sunday,1,1,Night,25.0,,,0.9078743289882917,0,1028,491,0,0.25,None,None,None,2024-11-03 00:47:51+00:00
pipe-rylyg,deploy_to_staging,unknown,2024-04-08 00:20:04+00:00,stable,user_pmw,pipe-rylyg,4b024679afad7da4425aa284a12ac023ba041043,branch_flu,0,0,0,Monday,1,0,Night,15.0,,,0.9384683472661342,0,186,567,0,0.15,None,None,None,2024-04-08 00:20:04+00:00
pipe-bjhnp,deploy_to_staging,unknown,2024-09-05 11:31:54+00:00,stable,system_automation,pipe-bjhnp,c94e559ba3aefb1ef15b9e22db0fd06017a1f4ff,branch_yzj,0,0,11,Thursday,0,0,Morning,0.0,,,0.918070619576681,0,257,329,0,0.0,None,None,None,2024-09-05 11:31:54+00:00
pipe-rppam,run_unit_tests,production,2024-02-29 23:47:58+00:00,rolled_back,user_hgq,pipe-rppam,d0145c0a3ebd621ceb8c83acd2a73e7168aabaef,branch_hfl,1,1,23,Thursday,1,0,Evening,75.0,6.406923771720044,pipe-rppam-INC,0.8968313351109194,4,2564,349,0,0.75,P2 - High,Software,High,2024-02-29 23:47:58+00:00
pipe-zmlfh,deploy_to_dev,staging,2024-01-07 21:28:11+00:00,stable,user_mhv,pipe-zmlfh,ae6ccae0e8ff543f1cb2de8b292bc06c077fbf95,branch_wcq,0,0,21,Sunday,1,1,Evening,25.0,,,0.9287473018548423,0,217,559,0,0.25,None,None,None,2024-01-07 21:28:11+00:00
pipe-vjyux,build_and_test,unknown,2024-03-20 00:59:35+00:00,rolled_back,system_automation,pipe-vjyux,f9701612cebc3adccf99cfe976ffc9b4bdaf1ebd,branch_ikz,1,1,0,Wednesday,1,0,Night,75.0,4.716280503031792,pipe-vjyux-INC,0.724359336892122,4,2358,336,1,0.75,P2 - High,Software,High,2024-03-20 00:59:35+00:00
pipe-xpgug,deploy_to_staging,unknown,2024-04-15 10:13:15+00:00,stable,system_automation,pipe-xpgug,eed2df4ebcaabced7bcb172728e3d89e4fa7fba5,branch_ogj,0,0,10,Monday,0,0,Morning,0.0,,,0.9764076053421291,0,2752,396,0,0.0,None,None,None,2024-04-15 10:13:15+00:00
pipe-asqyg,deploy_to_staging,unknown,2024-02-24 21:01:50+00:00,stable,user_oei,pipe-asqyg,faf9f9dea545683bbcc18fabc5ff788fcfab2fdc,branch_zsz,0,0,21,Saturday,1,1,Evening,25.0,,,0.9496288742829236,0,1424,291,0,0.25,None,None,None,2024-02-24 21:01:50+00:00
pipe-mzfhh,deploy_to_dev,unknown,2024-07-17 18:11:24+00:00,stable,system_automation,pipe-mzfhh,d11b6bdd5cc11ed9a5b3b5f6c4e30bebdba5d0da,branch_eea,0,0,18,Wednesday,1,0,Afternoon,15.0,,,0.9919245582217225,0,970,337,0,0.15,None,None,None,2024-07-17 18:11:24+00:00
pipe-nueqk,run_unit_tests,unknown,2024-08-29 10:40:01+00:00,stable,user_cpn,pipe-nueqk,4c90a93e70cabddddfaa345cd88fe7cbbac6a84c,branch_jxm,0,0,10,Thursday,0,0,Morning,0.0,,,0.9032592443247015,0,2340,341,0,0.0,None,None,None,2024-08-29 10:40:01+00:00
pipe-utxvq,deploy_to_dev,unknown,2024-03-30 04:12:17+00:00,stable,system_automation,pipe-utxvq,bb8ebbae9d403ba72d3dd61cfec03b5a5eddcaff,branch_bpf,0,0,4,Saturday,1,1,Night,25.0,,,0.906697801313199,0,2947,443,0,0.25,None,None,None,2024-03-30 04:12:17+00:00
pipe-rmlqy,deploy_to_staging,production,2024-02-12 10:09:33+00:00,rolled_back,system_automation,pipe-rmlqy,efbdf29f2bb6fae1c6bbe54100daccacbf4fee49,branch_lwi,1,1,10,Monday,0,0,Morning,60.0,0.7688206356362238,pipe-rmlqy-INC,0.8942216245274972,6,405,386,0,0.6,P2 - High,Software,High,2024-02-12 10:09:33+00:00
pipe-kjxjg,run_unit_tests,staging,2024-07-04 05:55:46+00:00,stable,system_automation,pipe-kjxjg,ffa120affbe33aef3ce7a1182b7cae163cd81147,branch_ayp,0,0,5,Thursday,1,0,Night,15.0,,,0.9080277320404038,0,2894,332,0,0.15,None,None,None,2024-07-04 05:55:46+00:00
pipe-cbvgd,run_integration_tests,unknown,2024-12-27 17:31:18+00:00,stable,user_khz,pipe-cbvgd,f9afcdbc306e49f0aa61c4ba4ee39afd363bdf13,branch_kuy,0,0,17,Friday,0,0,Afternoon,0.0,,,0.9262729596414834,0,2834,100,0,0.0,None,None,None,2024-12-27 17:31:18+00:00
pipe-poqmu,build_and_test,unknown,2024-04-24 03:20:29+00:00,stable,user_rou,pipe-poqmu,52fbde8d3fb5be8e3ddc4f6bb7ae9eadeb8b30dd,branch_iom,0,0,3,Wednesday,1,0,Night,15.0,,,0.9986029743076623,0,470,548,0,0.15,None,None,None,2024-04-24 03:20:29+00:00
pipe-kdguo,run_unit_tests,unknown,2024-02-02 22:45:45+00:00,stable,user_xbm,pipe-kdguo,fdc38baaf0dc1a09aff5fafca2ed123e98ec684d,branch_biz,0,0,22,Friday,1,0,Evening,15.0,,,0.9208959607484615,0,211,539,0,0.15,None,None,None,2024-02-02 22:45:45+00:00
pipe-vjhhl,deploy_to_dev,unknown,2024-03-21 23:57:27+00:00,rolled_back,user_thk,pipe-vjhhl,cc750edbedaaaff7eb58118aa3cdf5f5a7dfba37,branch_sds,1,1,23,Thursday,1,0,Evening,75.0,0.9914782543878682,pipe-vjhhl-INC,0.8052490837390691,3,2159,159,1,0.75,P2 - High,Software,High,2024-03-21 23:57:27+00:00
pipe-aneay,run_unit_tests,unknown,2024-10-14 15:56:05+00:00,stable,system_automation,pipe-aneay,ebacaef91efb9212d4f2caf22d4aafba8aceecbc,branch_phj,0,0,15,Monday,0,0,Afternoon,0.0,,,0.9573640668795709,0,279,218,0,0.0,None,None,None,2024-10-14 15:56:05+00:00
pipe-aoejc,build_and_test,staging,2024-12-08 15:44:48+00:00,stable,system_automation,pipe-aoejc,ba7dc9fed0bfaf3abf6b03ccdf0d7e723aa4ec2b,branch_hsz,0,0,15,Sunday,0,1,Afternoon,10.0,,,0.9497998290793157,0,1822,585,0,0.1,None,None,None,2024-12-08 15:44:48+00:00
pipe-iujqn,run_unit_tests,unknown,2024-05-18 17:17:00+00:00,rolled_back,system_automation,pipe-iujqn,eff2c2e7fbd6f895f32aecbcadfef19ecf9ecfa2,branch_kge,1,1,17,Saturday,0,1,Afternoon,70.0,2.8442746177143796,pipe-iujqn-INC,0.7678333048696258,5,241,233,1,0.7,P2 - High,Software,High,2024-05-18 17:17:00+00:00
pipe-jyxnb,run_integration_tests,unknown,2024-04-26 23:25:19+00:00,stable,system_automation,pipe-jyxnb,1405d08d9dca8fef8a11dd1edbc19c4af5fbf426,branch_skj,0,0,23,Friday,1,0,Evening,15.0,,,0.9376735278208547,0,2087,498,0,0.15,None,None,None,2024-04-26 23:25:19+00:00
pipe-wpmcy,run_unit_tests,unknown,2024-09-24 07:12:36+00:00,stable,system_automation,pipe-wpmcy,9e0acefe22b3fd4defbd8a369120e9a3dfcdfc70,branch_wiv,0,0,7,Tuesday,1,0,Morning,15.0,,,0.9826762359894947,0,733,484,0,0.15,None,None,None,2024-09-24 07:12:36+00:00
pipe-gvzes,deploy_to_dev,unknown,2024-11-14 13:36:39+00:00,stable,user_exr,pipe-gvzes,effdf841ace44fab3ca553aedce82c48694f73f2,branch_dda,0,0,13,Thursday,0,0,Afternoon,0.0,,,0.9138580551442463,0,333,524,0,0.0,None,None,None,2024-11-14 13:36:39+00:00
pipe-mlfqc,run_integration_tests,production,2024-04-19 12:38:16+00:00,stable,system_automation,pipe-mlfqc,88e7fd430d80793c3baa6463ea3dccad6a4dbcad,branch_uet,0,0,12,Friday,0,0,Morning,0.0,,,0.9428392645841466,0,246,68,0,0.0,None,None,None,2024-04-19 12:38:16+00:00
pipe-nwxga,run_unit_tests,development,2024-04-02 11:09:41+00:00,stable,user_eor,pipe-nwxga,d9d4dab4e53ab31e0a69aa5c5fc4891b1fc4ce5a,branch_ppm,0,0,11,Tuesday,0,0,Morning,0.0,,,0.9689761848444087,0,606,320,0,0.0,None,None,None,2024-04-02 11:09:41+00:00
pipe-muvcf,run_unit_tests,unknown,2024-07-31 23:09:34+00:00,stable,user_umb,pipe-muvcf,ca9fdf59bed409bcaee7ad1da0d4dd2dc6eaeabf,branch_ykk,0,0,23,Wednesday,1,0,Evening,15.0,,,0.9868236440282899,0,1645,365,0,0.15,None,None,None,2024-07-31 23:09:34+00:00
pipe-cflpw,run_integration_tests,unknown,2024-04-29 23:04:11+00:00,stable,system_automation,pipe-cflpw,be95bff604795cc8cee8dccce15e1cc24fb7fe9d,branch_nfq,0,0,23,Monday,1,0,Evening,15.0,,,0.9369571606356758,0,276,512,0,0.15,None,None,None,2024-04-29 23:04:11+00:00
pipe-fcrxx,build_and_test,unknown,2024-09-07 21:41:38+00:00,stable,user_bqs,pipe-fcrxx,baa286f40b1b3dcf7c0e4d96cc98be4a6ec5b934,branch_slk,0,0,21,Saturday,1,1,Evening,25.0,,,0.9567745599093753,0,2416,181,0,0.25,None,None,None,2024-09-07 21:41:38+00:00
pipe-owzhp,run_unit_tests,unknown,2024-07-05 22:21:14+00:00,stable,user_qsg,pipe-owzhp,bcf616c91e8addaffd432f807ceddda4abdd49ba,branch_jhi,0,0,22,Friday,1,0,Evening,15.0,,,0.9069139945007262,0,1832,225,0,0.15,None,None,None,2024-07-05 22:21:14+00:00
pipe-ixwlz,deploy_to_dev,unknown,2024-06-01 02:47:12+00:00,stable,user_duw,pipe-ixwlz,eb21dff0baeefa2ec3709c3e64806420badbf9db,branch_twf,0,0,2,Saturday,1,1,Night,25.0,,,0.9170319088111829,0,927,157,0,0.25,None,None,None,2024-06-01 02:47:12+00:00
pipe-icogq,build_and_test,unknown,2024-04-30 16:12:16+00:00,stable,system_automation,pipe-icogq,a5bc79ddbeabb54fddfd7ff6b1dcad0fbef0cab1,branch_ypw,0,0,16,Tuesday,0,0,Afternoon,0.0,,,0.9069138162466115,0,2960,471,0,0.0,None,None,None,2024-04-30 16:12:16+00:00
pipe-dbckx,build_and_test,unknown,2024-12-21 15:14:45+00:00,stable,user_isg,pipe-dbckx,3c6e9cbb6a39d6596faf93e751fddcd4e7c06b0e,branch_xpw,0,0,15,Saturday,0,1,Afternoon,10.0,,,0.9727880891998522,0,1992,599,0,0.1,None,None,None,2024-12-21 15:14:45+00:00
pipe-nsewk,deploy_to_dev,unknown,2024-06-17 17:12:05+00:00,stable,system_automation,pipe-nsewk,57792abdffa8505cbb044cb8a2acba5184cfb8de,branch_rbr,0,0,17,Monday,0,0,Afternoon,0.0,,,0.9288059968722141,0,2032,135,0,0.0,None,None,None,2024-06-17 17:12:05+00:00
pipe-kkjqy,run_integration_tests,staging,2024-01-31 18:39:04+00:00,stable,system_automation,pipe-kkjqy,b87dd21d59777fae0ffaf4ef0e2e7c01eed35cca,branch_hyq,0,0,18,Wednesday,1,0,Afternoon,15.0,,,0.9723745290191838,0,563,185,0,0.15,None,None,None,2024-01-31 18:39:04+00:00
pipe-qwwsk,run_integration_tests,unknown,2024-02-02 03:26:07+00:00,stable,system_automation,pipe-qwwsk,fbaaeb3f4ab1d9be97bd1ac899e0feded14daee9,branch_tok,0,0,3,Friday,1,0,Night,15.0,,,0.9066398279043275,0,2146,225,0,0.15,None,None,None,2024-02-02 03:26:07+00:00
pipe-ydxpm,deploy_to_dev,unknown,2024-07-18 22:11:44+00:00,stable,user_etg,pipe-ydxpm,ca471e6bdcc9cdfe2ead8ac9095bdfbe94099fe9,branch_xto,0,0,22,Thursday,1,0,Evening,15.0,,,0.9862547800408326,0,1699,540,0,0.15,None,None,None,2024-07-18 22:11:44+00:00
pipe-bisif,deploy_to_staging,staging,2024-08-26 20:53:30+00:00,stable,user_uwk,pipe-bisif,674cced19eedbbdb91ab7abec2f85fbda67bcdfa,branch_pzf,0,0,20,Monday,1,0,Evening,15.0,,,0.9835530198111092,0,2954,300,0,0.15,None,None,None,2024-08-26 20:53:30+00:00
pipe-vnwrh,run_unit_tests,unknown,2024-01-11 22:23:31+00:00,stable,system_automation,pipe-vnwrh,d3cf3d9ade6b36758f20dfd7a3da90ce91adb55e,branch_avx,0,0,22,Thursday,1,0,Evening,15.0,,,0.9088928743050283,0,1460,212,0,0.15,None,None,None,2024-01-11 22:23:31+00:00
pipe-ngdoz,run_unit_tests,staging,2024-12-05 12:59:07+00:00,stable,system_automation,pipe-ngdoz,ebfb2a60502cda8bad7debbf5feb9845d05abaec,branch_pzm,0,0,12,Thursday,0,0,Morning,0.0,,,0.9023756506457187,0,2050,234,0,0.0,None,None,None,2024-12-05 12:59:07+00:00
pipe-emtod,run_integration_tests,unknown,2024-08-20 04:18:25+00:00,rolled_back,user_pcx,pipe-emtod,78be0f3ac385cdd0c1087ffafa5eb7d1be94758e,branch_pus,1,1,4,Tuesday,1,0,Night,75.0,2.4526140756143753,pipe-emtod-INC,0.7287958727871089,5,1056,382,1,0.75,P2 - High,Software,High,2024-08-20 04:18:25+00:00
pipe-wvrfv,deploy_to_staging,unknown,2024-03-22 08:44:15+00:00,stable,user_tqo,pipe-wvrfv,5ccf4e02f9daa1d28ae515d9bc9fc345d0c78f0c,branch_zbi,0,0,8,Friday,0,0,Morning,0.0,,,0.9853630173146734,0,168,268,0,0.0,None,None,None,2024-03-22 08:44:15+00:00
pipe-aavnq,run_integration_tests,unknown,2024-08-29 00:06:26+00:00,stable,system_automation,pipe-aavnq,1385aa7aed8f4bf5bebcfbde9a8e3f7acbf4b96b,branch_bth,0,0,0,Thursday,1,0,Night,15.0,,,0.9234703489051896,0,427,135,0,0.15,None,None,None,2024-08-29 00:06:26+00:00
pipe-wppue,run_integration_tests,staging,2024-01-06 20:30:03+00:00,stable,user_cxd,pipe-wppue,120a51aaa91d6df9bd52ff1d892f05b0abcbe68e,branch_vrf,0,0,20,Saturday,1,1,Evening,25.0,,,0.9548273317858189,0,2607,502,0,0.25,None,None,None,2024-01-06 20:30:03+00:00
pipe-syiep,deploy_to_staging,unknown,2024-11-16 21:02:27+00:00,stable,user_wth,pipe-syiep,62fc4bead754cce9a0940f5f503a4fdefab85e5c,branch_ugm,0,0,21,Saturday,1,1,Evening,25.0,,,0.9426244203180056,0,2227,288,0,0.25,None,None,None,2024-11-16 21:02:27+00:00
pipe-ysiuv,run_unit_tests,unknown,2024-10-26 11:59:18+00:00,stable,system_automation,pipe-ysiuv,f8f55d852e7ddbfddabf3addaa9c9dd80e60f7ef,branch_zun,0,0,11,Saturday,0,1,Morning,10.0,,,0.9795525526228602,0,1125,198,0,0.1,None,None,None,2024-10-26 11:59:18+00:00
pipe-tyvgk,deploy_to_staging,unknown,2024-08-08 16:06:56+00:00,rolled_back,user_ahc,pipe-tyvgk,0dbf5e8a643368cbaa6cff9e926b35cdb6bafced,branch_fxm,1,1,16,Thursday,0,0,Afternoon,60.0,2.9805180654115,pipe-tyvgk-INC,0.9046007364180378,1,2108,453,0,0.6,P2 - High,Software,High,2024-08-08 16:06:56+00:00
pipe-riamx,deploy_to_staging,unknown,2024-02-24 10:39:53+00:00,stable,system_automation,pipe-riamx,bdcc5b758c44bcfd9cf86ab2961cace6e1bfebed,branch_cli,0,0,10,Saturday,0,1,Morning,10.0,,,0.950066084066127,0,62,462,0,0.1,None,None,None,2024-02-24 10:39:53+00:00
pipe-xbplr,deploy_to_staging,production,2024-02-29 21:46:22+00:00,stable,system_automation,pipe-xbplr,7d4b471d27c74f783754a0a403bffe65a42ec0d3,branch_xtb,0,0,21,Thursday,1,0,Evening,15.0,,,0.9989091939499902,0,159,143,0,0.15,None,None,None,2024-02-29 21:46:22+00:00
pipe-zsliz,deploy_to_dev,unknown,2024-06-01 12:35:38+00:00,stable,user_uyx,pipe-zsliz,857a16c851b534b506474a54e8b3dc24adaedeaf,branch_qou,0,0,12,Saturday,0,1,Morning,10.0,,,0.9150129556749257,0,1546,99,0,0.1,None,None,None,2024-06-01 12:35:38+00:00
pipe-fhhpq,run_integration_tests,unknown,2024-09-03 22:27:07+00:00,stable,user_ilb,pipe-fhhpq,afb9d35bfea4da317629000dbd9cb89d2df86db7,branch_ylu,0,0,22,Tuesday,1,0,Evening,15.0,,,0.9830703938745932,0,1893,84,0,0.15,None,None,None,2024-09-03 22:27:07+00:00
pipe-cekpm,run_unit_tests,unknown,2024-12-20 08:40:51+00:00,rolled_back,user_yso,pipe-cekpm,1b5e7cceee8fb923b2fff167cfa3cdf4e81eaecb,branch_wxj,1,1,8,Friday,0,0,Morning,60.0,1.6284050866810555,pipe-cekpm-INC,0.8349736266405631,1,2814,473,1,0.6,P2 - High,Software,High,2024-12-20 08:40:51+00:00
pipe-gvmil,deploy_to_staging,unknown,2024-09-13 17:06:26+00:00,stable,system_automation,pipe-gvmil,debad70fd77d13391fb29babfba8489cbe8120cc,branch_jqv,0,0,17,Friday,0,0,Afternoon,0.0,,,0.947764876957297,0,2290,397,0,0.0,None,None,None,2024-09-13 17:06:26+00:00
pipe-rorwn,run_integration_tests,development,2024-03-31 17:42:07+00:00,stable,user_jyf,pipe-rorwn,c8f5524adaacc4c6eddeafebcac94e6c2faa8bbf,branch_bwh,0,0,17,Sunday,0,1,Afternoon,10.0,,,0.9886334823933024,0,809,487,0,0.1,None,None,None,2024-03-31 17:42:07+00:00
pipe-ixswj,run_integration_tests,unknown,2024-10-28 02:15:36+00:00,stable,system_automation,pipe-ixswj,cc5da5b11d09110ecdacd370d68d9adb44149def,branch_jsu,0,0,2,Monday,1,0,Night,15.0,,,0.9665213965604121,0,2454,398,0,0.15,None,None,None,2024-10-28 02:15:36+00:00
pipe-mqlyu,deploy_to_dev,unknown,2024-06-06 20:16:31+00:00,stable,system_automation,pipe-mqlyu,cb30b82a39746bdab9c6a52730bac347e3bc0aeb,branch_bar,0,0,20,Thursday,1,0,Evening,15.0,,,0.9685214619366133,0,1499,276,0,0.15,None,None,None,2024-06-06 20:16:31+00:00
pipe-zewcw,deploy_to_dev,unknown,2024-12-31 01:48:33+00:00,stable,system_automation,pipe-zewcw,52f4f3bcbeabcbbaca97b5bb7e3507419f91ecbe,branch_twa,0,0,1,Tuesday,1,0,Night,15.0,,,0.9263317282256486,0,2486,378,0,0.15,None,None,None,2024-12-31 01:48:33+00:00
pipe-wgmrr,build_and_test,production,2024-11-07 14:57:35+00:00,stable,system_automation,pipe-wgmrr,ed4da57b64da9ac1bc7ba9bb3dca88e9c37290ea,branch_xjr,0,0,14,Thursday,0,0,Afternoon,0.0,,,0.9418574791361455,0,562,450,0,0.0,None,None,None,2024-11-07 14:57:35+00:00
pipe-ptiaw,deploy_to_dev,unknown,2024-06-02 16:02:58+00:00,stable,user_kxv,pipe-ptiaw,dbe59ea6be1ed51a8e5fc43c1cca03846b3c49a0,branch_rxy,0,0,16,Sunday,0,1,Afternoon,10.0,,,0.9366581063499051,0,127,275,0,0.1,None,None,None,2024-06-02 16:02:58+00:00
pipe-qyfzr,run_unit_tests,unknown,2024-09-06 03:13:38+00:00,rolled_back,user_qkr,pipe-qyfzr,3ab0c1abd706dcdea632bfd0cdd88d31d7fc21a1,branch_xux,1,1,3,Friday,1,0,Night,75.0,5.151119649712222,pipe-qyfzr-INC,0.8087491973776159,2,220,554,1,0.75,P2 - High,Software,High,2024-09-06 03:13:38+00:00
pipe-jxeyq,run_unit_tests,unknown,2024-05-30 05:36:12+00:00,stable,system_automation,pipe-jxeyq,8acccb8dfab6db102eba5efdccdefa0afae8d65a,branch_fss,0,0,5,Thursday,1,0,Night,15.0,,,0.9462227930143668,0,2973,545,0,0.15,None,None,None,2024-05-30 05:36:12+00:00
pipe-axyol,run_integration_tests,unknown,2024-02-18 07:20:21+00:00,rolled_back,system_automation,pipe-axyol,89cb3b5ee8e59e51c4ea2126be7cf9e3aaced4db,branch_ezb,1,1,7,Sunday,1,1,Morning,85.0,4.769090378230076,pipe-axyol-INC,0.8249968172841002,5,287,492,1,0.85,P2 - High,Software,High,2024-02-18 07:20:21+00:00
pipe-ldwwn,build_and_test,unknown,2024-07-16 16:20:11+00:00,rolled_back,user_saj,pipe-ldwwn,3355ccc563ab48c0ababdce81dae996c04a3ed69,branch_xom,1,1,16,Tuesday,0,0,Afternoon,60.0,4.926465370745946,pipe-ldwwn-INC,0.821475794726974,2,2821,595,1,0.6,P2 - High,Software,High,2024-07-16 16:20:11+00:00
pipe-semyz,build_and_test,development,2024-03-28 23:02:07+00:00,stable,system_automation,pipe-semyz,a98d6a07fddeec440dc8b63aacffe8c71d2c8f6a,branch_rri,0,0,23,Thursday,1,0,Evening,15.0,,,0.9250852891655122,0,2194,270,0,0.15,None,None,None,2024-03-28 23:02:07+00:00
pipe-itcoy,deploy_to_dev,staging,2024-01-03 10:47:54+00:00,stable,system_automation,pipe-itcoy,f3c15cdbbb0bce2831217b7af943a7d301bfeca3,branch_abs,0,0,10,Wednesday,0,0,Morning,0.0,,,0.9365047246884759,0,480,121,0,0.0,None,None,None,2024-01-03 10:47:54+00:00
pipe-hdkej,deploy_to_dev,development,2024-07-28 21:51:11+00:00,stable,user_hzj,pipe-hdkej,5ce5c2beadd3ef6bdd4553bdca0d197acd2091bd,branch_veg,0,0,21,Sunday,1,1,Evening,25.0,,,0.914994147793406,0,2599,321,0,0.25,None,None,None,2024-07-28 21:51:11+00:00
pipe-azmhb,deploy_to_dev,unknown,2024-01-24 22:48:12+00:00,stable,user_woh,pipe-azmhb,78dc4befb9aef7f9fd1b92e3dd5ba9bdb0a297c6,branch_kmk,0,0,22,Wednesday,1,0,Evening,15.0,,,0.9872104302003574,0,475,462,0,0.15,None,None,None,2024-01-24 22:48:12+00:00
pipe-nbvic,run_unit_tests,unknown,2024-11-04 09:20:57+00:00,rolled_back,user_xxs,pipe-nbvic,360d73bff47fbecdaaaa7e31ec7d1cee1b2c2b04,branch_nfn,1,1,9,Monday,0,0,Morning,60.0,1.720576145787182,pipe-nbvic-INC,0.886524110789204,7,472,480,0,0.6,P2 - High,Software,High,2024-11-04 09:20:57+00:00
pipe-ikiyn,deploy_to_dev,staging,2024-09-20 16:44:19+00:00,rolled_back,user_mnd,pipe-ikiyn,5abde1ff5f40515a0c843c6dfda9f82bad3dab0c,branch_unj,1,1,16,Friday,0,0,Afternoon,60.0,6.29703041101463,pipe-ikiyn-INC,0.918861326996591,4,1747,269,0,0.6,P2 - High,Software,High,2024-09-20 16:44:19+00:00
pipe-fdeze,run_integration_tests,unknown,2024-08-06 17:03:43+00:00,stable,user_zgp,pipe-fdeze,ed7d95891a8e7fc6f591ccc73bd7e050ea2cac29,branch_ofr,0,0,17,Tuesday,0,0,Afternoon,0.0,,,0.9693859334209002,0,900,218,0,0.0,None,None,None,2024-08-06 17:03:43+00:00
pipe-nmsde,run_unit_tests,development,2024-06-08 15:20:39+00:00,stable,system_automation,pipe-nmsde,8d8e37bcbf9b89fdb6fab3cbccd17f512bb774b2,branch_wyv,0,0,15,Saturday,0,1,Afternoon,10.0,,,0.9847666467997973,0,907,300,0,0.1,None,None,None,2024-06-08 15:20:39+00:00
pipe-tnuwf,run_unit_tests,production,2024-06-12 06:42:40+00:00,stable,system_automation,pipe-tnuwf,654d396b1193c519d6bcabb7bc28a3d9dd750f15,branch_eus,0,0,6,Wednesday,1,0,Night,15.0,,,0.923753567205226,0,625,494,0,0.15,None,None,None,2024-06-12 06:42:40+00:00
pipe-oczyt,deploy_to_staging,unknown,2024-01-18 23:17:57+00:00,stable,system_automation,pipe-oczyt,45dbcef37eeebf6c9b3ef33cba09b7b6a77d8382,branch_qyt,0,0,23,Thursday,1,0,Evening,15.0,,,0.9150600594337264,0,1842,92,0,0.15,None,None,None,2024-01-18 23:17:57+00:00
pipe-ehxnj,deploy_to_dev,unknown,2024-12-09 22:06:16+00:00,rolled_back,user_dlm,pipe-ehxnj,06f239c08fb295fd8ac68da8a64bd46baa218cde,branch_usi,1,1,22,Monday,1,0,Evening,75.0,5.025683407499911,pipe-ehxnj-INC,0.7589787230605212,1,129,237,1,0.75,P2 - High,Software,High,2024-12-09 22:06:16+00:00
pipe-wpwyz,run_integration_tests,unknown,2024-12-28 09:05:05+00:00,stable,system_automation,pipe-wpwyz,2e5d4ab3dcfc4bd6b122de2c9fccec3eaea5f4a5,branch_uow,0,0,9,Saturday,0,1,Morning,10.0,,,0.9047250338856485,0,772,184,0,0.1,None,None,None,2024-12-28 09:05:05+00:00
pipe-iicrt,build_and_test,unknown,2024-06-03 22:53:45+00:00,stable,system_automation,pipe-iicrt,ce27dd2ca7b6edcd8d2e00cef2ea0de4baeca16e,branch_cwq,0,0,22,Monday,1,0,Evening,15.0,,,0.9762251348303512,0,1682,495,0,0.15,None,None,None,2024-06-03 22:53:45+00:00
pipe-sfkeq,deploy_to_staging,unknown,2024-04-25 20:42:43+00:00,stable,system_automation,pipe-sfkeq,9ecad55a0cbcecab6e17e7b892d0ffaef36a5eee,branch_jkm,0,0,20,Thursday,1,0,Evening,15.0,,,0.9987186332041694,0,1485,313,0,0.15,None,None,None,2024-04-25 20:42:43+00:00
pipe-mbxgq,deploy_to_dev,development,2024-06-05 23:47:56+00:00,stable,user_fgt,pipe-mbxgq,6140fdf0020514fe34508654c34bdeeb2111f7ad,branch_byz,0,0,23,Wednesday,1,0,Evening,15.0,,,0.9044880322476276,0,2114,106,0,0.15,None,None,None,2024-06-05 23:47:56+00:00
pipe-eqbnc,run_unit_tests,unknown,2024-11-29 00:26:12+00:00,stable,user_shm,pipe-eqbnc,0ddf458e698212dbc305af23f9f1cafcc93c5bde,branch_hna,0,0,0,Friday,1,0,Night,15.0,,,0.9748070959079893,0,687,201,0,0.15,None,None,None,2024-11-29 00:26:12+00:00
pipe-cvrvp,deploy_to_dev,staging,2024-11-05 07:03:43+00:00,stable,system_automation,pipe-cvrvp,c6ef262fafabf1b0fa7c463f3bd7340c3852d2e0,branch_pmq,0,0,7,Tuesday,1,0,Morning,15.0,,,0.907186216584096,0,1961,83,0,0.15,None,None,None,2024-11-05 07:03:43+00:00
pipe-vduvo,deploy_to_dev,unknown,2024-09-21 11:01:06+00:00,stable,user_ece,pipe-vduvo,05cd18e4e5ece80b8aec7df0fc607989b7803034,branch_wue,0,0,11,Saturday,0,1,Morning,10.0,,,0.9592132824903667,0,2291,316,0,0.1,None,None,None,2024-09-21 11:01:06+00:00
pipe-ybrfs,build_and_test,unknown,2024-10-26 14:38:05+00:00,stable,system_automation,pipe-ybrfs,9d05810ddebd5dad26b3d4bc9dcae8aa9dad01d6,branch_zny,0,0,14,Saturday,0,1,Afternoon,10.0,,,0.9756075282428238,0,1194,598,0,0.1,None,None,None,2024-10-26 14:38:05+00:00
pipe-kusyt,deploy_to_staging,production,2024-05-18 16:27:28+00:00,stable,user_suj,pipe-kusyt,59e9e1eff0cd0b4db642cff21ccf667616d87720,branch_phs,0,0,16,Saturday,0,1,Afternoon,10.0,,,0.9359204397267737,0,807,366,0,0.1,None,None,None,2024-05-18 16:27:28+00:00
pipe-vkyvg,run_unit_tests,unknown,2024-08-01 08:52:36+00:00,stable,user_kkf,pipe-vkyvg,e20fbd19c3b2dddbecbdbf8dd9f98e3aa20be22e,branch_xkm,0,0,8,Thursday,0,0,Morning,0.0,,,0.9010934721110664,0,1687,529,0,0.0,None,None,None,2024-08-01 08:52:36+00:00
pipe-hwkwo,deploy_to_staging,unknown,2024-01-01 10:29:49+00:00,rolled_back,system_automation,pipe-hwkwo,0dca2bc57e7dcda48025ef635e4da790b2ff9c82,branch_xaq,1,1,10,Monday,0,0,Morning,60.0,0.7237607757477311,pipe-hwkwo-INC,0.8835065962404638,6,1757,460,0,0.6,P2 - High,Software,High,2024-01-01 10:29:49+00:00
pipe-fbxlh,deploy_to_staging,development,2024-04-26 15:53:27+00:00,stable,user_kcw,pipe-fbxlh,0dbd9ab11afbbbacedae58d2f1faff9ad64f7cb5,branch_zik,0,0,15,Friday,0,0,Afternoon,0.0,,,0.9991244628140028,0,327,536,0,0.0,None,None,None,2024-04-26 15:53:27+00:00
pipe-dbxus,run_integration_tests,unknown,2024-11-11 20:08:27+00:00,rolled_back,system_automation,pipe-dbxus,b197beef69e47facbd4cfbefeefceb74721d8fca,branch_bal,1,1,20,Monday,1,0,Evening,75.0,0.6427561086311493,pipe-dbxus-INC,0.7422226555104388,4,1717,227,1,0.75,P2 - High,Software,High,2024-11-11 20:08:27+00:00
pipe-cuggo,run_integration_tests,unknown,2024-10-25 22:22:12+00:00,stable,system_automation,pipe-cuggo,d75039c4fa9c5ce7dcd431fd330824cbb6de96ce,branch_ysb,0,0,22,Friday,1,0,Evening,15.0,,,0.9189491277187216,0,505,573,0,0.15,None,None,None,2024-10-25 22:22:12+00:00
pipe-uongc,run_integration_tests,unknown,2024-02-26 20:57:37+00:00,stable,system_automation,pipe-uongc,55ec0db6fb066cafa44fc2de3acc3c1e62facd9e,branch_psa,0,0,20,Monday,1,0,Evening,15.0,,,0.9123925892753515,0,1728,188,0,0.15,None,None,None,2024-02-26 20:57:37+00:00
pipe-wvflc,run_unit_tests,unknown,2024-10-21 17:09:01+00:00,rolled_back,system_automation,pipe-wvflc,72cdf130ca1b2e31bb084bbf060c029c90bdddbe,branch_smg,1,1,17,Monday,0,0,Afternoon,60.0,5.810684267626909,pipe-wvflc-INC,0.7582365763362982,6,2798,296,1,0.6,P2 - High,Software,High,2024-10-21 17:09:01+00:00
